genspe,CP,CA,CB,CTM,CTO,CQ,ACT,RA,RB,RTM,RTO,RQ,FA,UA,SDA,ED
resamp001,0.5,0.321883113,-0.321681294,37.67750721,26.55138979,2.735567523,1,0.008030304,-0.341597991,NA,NA,0.031539769,0.101842769,0.087430416,0.150818955,3983.645553
resamp002,0.5,0.334548301,-0.334911072,36.05323444,28.78804172,2.705702887,1,0.008336665,-0.345467071,NA,NA,0.030433218,0.101138868,0.089887231,0.155143652,4097.875615
resamp003,0.5,0.345087225,-0.309840091,36.81541203,27.41272349,2.773446213,1,0.008476258,-0.362846809,NA,NA,0.030773836,0.106123919,0.085073475,0.164414985,4342.763296
resamp004,0.5,0.331734042,-0.32009557,35.99890985,28.26125404,2.538331856,1,0.007989611,-0.353964689,NA,NA,0.031959568,0.10419653,0.091673744,0.163233162,4311.5473
resamp005,0.5,0.345941216,-0.329320163,38.34497929,27.24668579,2.531713825,1,0.008237524,-0.3385668,NA,NA,0.032299875,0.105691244,0.084858265,0.155504431,4107.405011
resamp006,0.5,0.330378638,-0.309112076,36.30144103,27.60669216,2.669869227,1,0.00811946,-0.337947412,NA,NA,0.031061245,0.108372615,0.092447265,0.158026012,4174.008608
resamp007,0.5,0.344283171,-0.314756214,35.42504791,26.69394107,2.620261708,1,0.008176221,-0.369507693,NA,NA,0.032750894,0.10170925,0.08928179,0.163166181,4309.778115
resamp008,0.5,0.327638115,-0.332996028,38.22958997,26.63953478,2.652752917,1,0.008411192,-0.370238394,NA,NA,0.032796548,0.106743733,0.086737576,0.162204099,4284.366209
resamp009,0.5,0.329524309,-0.318914997,38.38557778,28.26991664,2.614529213,1,0.008631078,-0.361120415,NA,NA,0.032365833,0.107136958,0.084350391,0.155959007,4119.41193
resamp010,0.5,0.326094523,-0.314228557,35.66563844,26.6583458,2.575251671,1,0.008538753,-0.359612354,NA,NA,0.032854393,0.101449141,0.086249143,0.161162728,4256.86004
resamp011,0.5,0.342903502,-0.337848246,36.33305641,27.31913574,2.687864042,1,0.008271899,-0.347348772,NA,NA,0.032445452,0.105090844,0.086653187,0.159417243,4210.755792
resamp012,0.5,0.318905069,-0.320250095,37.337125,26.13125492,2.716995977,1,0.008308014,-0.345848229,NA,NA,0.03193045,0.102655643,0.08696659,0.15423591,4073.899047
resamp013,0.5,0.329146437,-0.324704562,35.73171277,28.42040338,2.541945611,1,0.008592948,-0.372681558,NA,NA,0.030957181,0.105785579,0.092212991,0.159287514,4207.329213
resamp014,0.5,0.34158997,-0.318284572,37.59711332,28.40772816,2.598936622,1,0.008704168,-0.346380526,NA,NA,0.030720229,0.105799016,0.088953604,0.150692855,3980.314799
resamp015,0.5,0.341796304,-0.313224806,37.09376088,28.7566615,2.780401262,1,0.008123049,-0.365919142,NA,NA,0.032382815,0.102132478,0.089893088,0.163551781,4319.963111
resamp016,0.5,0.337909596,-0.313891983,36.0387473,28.73336695,2.549029965,1,0.008688135,-0.356700463,NA,NA,0.030170942,0.108203157,0.085062055,0.155494376,4107.139443
resamp017,0.5,0.32515229,-0.326708079,38.28505417,27.77700743,2.656741965,1,0.008264424,-0.361313772,NA,NA,0.031356717,0.100860406,0.08851992,0.158227558,4179.332135
resamp018,0.5,0.335721312,-0.309898324,37.69750421,26.84497036,2.528435925,1,0.008406511,-0.368877965,NA,NA,0.031592814,0.099259712,0.09018204,0.15676665,4140.744556
resamp019,0.5,0.341601752,-0.33666142,37.80188521,27.89334419,2.766305612,1,0.008289351,-0.362481186,NA,NA,0.032684905,0.104009592,0.087966483,0.161060168,4254.151067
resamp020,0.5,0.333146815,-0.316006843,35.43177565,27.57214214,2.535299664,1,0.008632432,-0.343659295,NA,NA,0.031700701,0.100243342,0.090192585,0.162293421,4286.725528
resamp021,0.5,0.325080555,-0.31512886,38.73026661,28.54818111,2.525379338,1,0.008515322,-0.355285147,NA,NA,0.031570425,0.099776921,0.084120223,0.165552562,4372.8106
resamp022,0.5,0.327347421,-0.315466257,38.15476569,27.79558118,2.55229138,1,0.008733035,-0.371675895,NA,NA,0.030594939,0.104543439,0.087737129,0.161392225,4262.921839
resamp023,0.5,0.333883797,-0.329629199,37.16487895,28.15986321,2.734525687,1,0.008610109,-0.357121781,NA,NA,0.030197166,0.106341766,0.084577896,0.158351265,4182.599678
resamp024,0.5,0.336278893,-0.339364965,36.74332107,28.33361654,2.75511985,1,0.008650131,-0.370006379,NA,NA,0.032243414,0.100234416,0.085120962,0.157625487,4163.429386
resamp025,0.5,0.338247378,-0.32286325,35.99294299,28.60658734,2.542905241,1,0.00853566,-0.363343904,NA,NA,0.030944463,0.101118847,0.086334906,0.155001539,4094.121922
resamp026,0.5,0.3339255,-0.319832275,37.55036205,26.37980177,2.701808404,1,0.008377167,-0.370279531,NA,NA,0.032303011,0.105951774,0.086409335,0.163449348,4317.257503
resamp027,0.5,0.326199432,-0.33777336,38.67004246,27.70495629,2.654446703,1,0.008284894,-0.340547275,NA,NA,0.031878854,0.099595487,0.084401995,0.166267777,4391.701881
resamp028,0.5,0.330770052,-0.336427525,38.75374218,27.70751865,2.634977823,1,0.008364195,-0.337524174,NA,NA,0.032500008,0.105037194,0.088989354,0.163045247,4306.583815
resamp029,0.5,0.336179051,-0.311097897,37.97963736,28.7216003,2.574774418,1,0.008554778,-0.370474949,NA,NA,0.030085312,0.105353536,0.088460518,0.159499467,4212.927624
resamp030,0.5,0.316090433,-0.325767985,36.90679606,26.72721524,2.602664566,1,0.008332196,-0.348783626,NA,NA,0.03217275,0.099285004,0.085860151,0.157254321,4153.625619
resamp031,0.5,0.340273835,-0.325046842,35.32814819,27.43949426,2.752600971,1,0.008264167,-0.361003031,NA,NA,0.031678764,0.102122937,0.09101954,0.163917776,4329.630293
resamp032,0.5,0.318031828,-0.332905863,38.35793998,26.24783917,2.648295694,1,0.008453346,-0.356852307,NA,NA,0.030593094,0.101282989,0.086840785,0.157984703,4172.917498
resamp033,0.5,0.34546879,-0.325270744,37.80534877,28.32257153,2.564564091,1,0.008169214,-0.343138716,NA,NA,0.0306786,0.102635702,0.085848997,0.158650824,4190.512047
resamp034,0.5,0.335089398,-0.337432033,38.45118209,27.1377724,2.570973322,1,0.008599267,-0.366147833,NA,NA,0.030827507,0.100339457,0.084657522,0.151974577,4014.169477
resamp035,0.5,0.344734141,-0.324583797,37.67268899,27.67410626,2.583452316,1,0.008700884,-0.354600351,NA,NA,0.03076518,0.108552722,0.09109791,0.152693655,4033.162794
resamp036,0.5,0.317627596,-0.319868954,36.84326772,26.80424481,2.710786306,1,0.0085905,-0.355887947,NA,NA,0.032268747,0.101009107,0.087322505,0.166344226,4393.721166
resamp037,0.5,0.33177816,-0.337299656,36.23653196,28.14440083,2.758277963,1,0.008511125,-0.356213398,NA,NA,0.030594129,0.1063823,0.092040079,0.151217211,3994.164845
resamp038,0.5,0.32899291,-0.324482117,38.42275606,28.06005612,2.650001853,1,0.008514725,-0.340445186,NA,NA,0.032674367,0.105303036,0.087058728,0.154521108,4081.432101
resamp039,0.5,0.341936807,-0.331445365,38.37001363,28.15126616,2.697215046,1,0.008134466,-0.349623836,NA,NA,0.032559096,0.106050776,0.085139635,0.162999167,4305.366698
resamp040,0.5,0.333834352,-0.316539347,36.39196569,28.33012229,2.637609578,1,0.008114868,-0.363596599,NA,NA,0.030289176,0.108878988,0.084852351,0.165219122,4364.00331
resamp041,0.5,0.316886155,-0.311503989,35.33387928,28.19320075,2.543051373,1,0.008702949,-0.351678963,NA,NA,0.032233527,0.103691977,0.090033708,0.154961905,4093.075062
resamp042,0.5,0.345277966,-0.326383504,36.69060599,27.86789233,2.530738183,1,0.008216216,-0.371393958,NA,NA,0.029994158,0.102707147,0.085983434,0.163889528,4328.884167
resamp043,0.5,0.327402714,-0.311315097,36.54376953,26.80592455,2.747036414,1,0.008056542,-0.357038537,NA,NA,0.030629215,0.101634389,0.088760878,0.161095162,4255.075405
resamp044,0.5,0.328456709,-0.332828639,35.39422912,27.64118317,2.524620694,1,0.00835265,-0.356178836,NA,NA,0.031804919,0.101086083,0.09032287,0.163847382,4327.770948
resamp045,0.5,0.331822323,-0.330077213,36.73183856,26.77059298,2.575804423,1,0.008350389,-0.34559522,NA,NA,0.032191343,0.099254124,0.088713933,0.166323208,4393.166
resamp046,0.5,0.320509126,-0.327301893,38.02215144,26.83619039,2.647297557,1,0.008486512,-0.357283584,NA,NA,0.032165686,0.099580986,0.086281777,0.161661063,4270.022776
resamp047,0.5,0.326369785,-0.330515944,38.58835043,28.74544226,2.583524476,1,0.008652473,-0.349878271,NA,NA,0.030116301,0.102898462,0.092499606,0.160703025,4244.717701
resamp048,0.5,0.320636128,-0.316782942,36.23913911,28.48140507,2.552270022,1,0.008094027,-0.346162082,NA,NA,0.030900361,0.102585265,0.09000374,0.155873827,4117.162033
resamp049,0.5,0.338606821,-0.313823313,35.86510949,26.88309042,2.697378343,1,0.008065237,-0.358395064,NA,NA,0.030667026,0.101486333,0.084258867,0.160211736,4231.741097
resamp050,0.5,0.336198547,-0.340896647,38.08709436,27.64994149,2.710678643,1,0.008035408,-0.349394001,NA,NA,0.032090971,0.102301723,0.090082991,0.161964893,4278.047961
resamp051,0.5,0.320814667,-0.319582248,38.61570688,28.53659548,2.524275804,1,0.00852002,-0.370247183,NA,NA,0.031298678,0.103610113,0.084950894,0.153429508,4052.599204
resamp052,0.5,0.318438997,-0.318041102,37.15970272,26.4517148,2.588528489,1,0.008534697,-0.355552437,NA,NA,0.032294725,0.107705303,0.090153079,0.160185289,4231.042539
resamp053,0.5,0.344042849,-0.316273627,38.3101674,27.62852768,2.55607781,1,0.008308876,-0.362968531,NA,NA,0.030686923,0.103645523,0.090962172,0.151909146,4012.441216
resamp054,0.5,0.313786338,-0.310638247,36.37850209,26.76507131,2.72683307,1,0.008175809,-0.338922823,NA,NA,0.032316949,0.106092332,0.088107545,0.154212262,4073.2744
resamp055,0.5,0.339930059,-0.333188745,38.28949315,27.78123641,2.63757396,1,0.008753278,-0.368285776,NA,NA,0.03253022,0.104494756,0.088410121,0.151668687,4006.089864
resamp056,0.5,0.316888354,-0.311651043,37.5045567,28.08448254,2.637000553,1,0.008042595,-0.354624283,NA,NA,0.02979671,0.109190762,0.084822366,0.163493099,4318.413114
resamp057,0.5,0.324878735,-0.320844482,38.10848632,27.9094849,2.622868398,1,0.007986841,-0.372513265,NA,NA,0.030531397,0.103518572,0.084865226,0.15084494,3984.331887
resamp058,0.5,0.339552914,-0.316025765,38.0687364,26.64079664,2.531539398,1,0.008667847,-0.356405991,NA,NA,0.032714589,0.101841883,0.088580039,0.165383754,4368.351813
resamp059,0.5,0.31603042,-0.314671356,37.31776367,26.78058045,2.528156,1,0.008434096,-0.363173163,NA,NA,0.031507103,0.100595341,0.085381369,0.159135438,4203.312372
resamp060,0.5,0.33086173,-0.332360428,38.1851722,26.3185645,2.583074423,1,0.008341001,-0.371960025,NA,NA,0.032544431,0.100334173,0.084932651,0.165729836,4377.493008
resamp061,0.5,0.316057969,-0.33079162,36.07731093,26.45358133,2.565653364,1,0.008712227,-0.358039777,NA,NA,0.030642892,0.103860048,0.08477872,0.15437179,4077.48808
resamp062,0.5,0.3344675,-0.308865768,38.67342225,27.82482853,2.694230957,1,0.00841882,-0.368923015,NA,NA,0.030991151,0.101359765,0.085844901,0.151635843,4005.222368
resamp063,0.5,0.325755195,-0.324939061,37.19515483,26.58833571,2.671720478,1,0.008223279,-0.339234485,NA,NA,0.031422401,0.101702953,0.086450406,0.164007377,4331.99698
resamp064,0.5,0.328390707,-0.317682992,38.27576227,26.52643821,2.781595453,1,0.008754269,-0.371033648,NA,NA,0.030876762,0.100152967,0.08973857,0.161721596,4271.621662
resamp065,0.5,0.333696437,-0.311137901,36.89539283,26.64671236,2.682605507,1,0.00853272,-0.339374214,NA,NA,0.030128628,0.106392132,0.08923061,0.158005889,4173.477104
resamp066,0.5,0.317732631,-0.310490379,35.58527102,27.70760993,2.720550589,1,0.008417668,-0.371342853,NA,NA,0.030968385,0.102048045,0.091167212,0.156141251,4124.225619
resamp067,0.5,0.338713089,-0.316089195,35.78979788,26.12551748,2.749993978,1,0.00841956,-0.342001092,NA,NA,0.030065725,0.108527974,0.087931428,0.153361775,4050.810142
resamp068,0.5,0.341795857,-0.330495184,36.82827539,27.02790279,2.600811291,1,0.008568933,-0.35181219,NA,NA,0.032721144,0.108868174,0.091653924,0.16092813,4250.66351
resamp069,0.5,0.335520255,-0.314176919,35.71751754,26.3402646,2.529460361,1,0.008623401,-0.367913267,NA,NA,0.031049333,0.106543131,0.089449602,0.152966977,4040.382176
resamp070,0.5,0.327246821,-0.311612874,35.51997264,27.78647348,2.778155807,1,0.008693549,-0.352396765,NA,NA,0.032841173,0.103844003,0.085937142,0.150756226,3981.988651
resamp071,0.5,0.325460762,-0.319140959,37.40875446,27.0236974,2.742674832,1,0.007960784,-0.371635302,NA,NA,0.031520484,0.100270255,0.091465707,0.163680646,4323.366894
resamp072,0.5,0.338371697,-0.31911667,36.80650779,28.29874458,2.608865067,1,0.008604972,-0.358394704,NA,NA,0.032187321,0.100881973,0.084975227,0.15993933,4224.545914
resamp073,0.5,0.333862389,-0.328093569,37.76608034,26.72693106,2.715518979,1,0.008765785,-0.366343347,NA,NA,0.032566096,0.098800041,0.084422674,0.158313637,4181.605791
resamp074,0.5,0.333456037,-0.319120389,36.92427971,28.35264051,2.640765253,1,0.008663166,-0.352455366,NA,NA,0.031326864,0.109126473,0.090623368,0.151922687,4012.798881
resamp075,0.5,0.326597025,-0.313654282,37.19262508,26.68257075,2.544452027,1,0.007939956,-0.341029378,NA,NA,0.030015593,0.10549711,0.085771887,0.159238492,4206.034373
resamp076,0.5,0.33714495,-0.319993006,35.50669767,27.51662383,2.559305588,1,0.008006939,-0.359020406,NA,NA,0.030489281,0.102270617,0.087852864,0.15855301,4187.928436
resamp077,0.5,0.343354449,-0.3327668,37.41058376,27.55683693,2.710671644,1,0.00816418,-0.35375736,NA,NA,0.032255914,0.104698785,0.084988162,0.164839577,4353.978224
resamp078,0.5,0.334361773,-0.333692302,36.4821019,26.35673722,2.668943167,1,0.008005247,-0.355242241,NA,NA,0.030434767,0.107294176,0.091237761,0.159674073,4217.53957
resamp079,0.5,0.330208925,-0.338193395,36.57399674,26.86410473,2.727954543,1,0.008071365,-0.349177001,NA,NA,0.031588181,0.099155816,0.085356797,0.165131218,4361.681454
resamp080,0.5,0.334788449,-0.317097308,35.7799785,28.36546827,2.673989375,1,0.008435647,-0.363150412,NA,NA,0.032643143,0.106263034,0.085382618,0.162012599,4279.308051
resamp081,0.5,0.324494636,-0.320408077,35.49235001,27.77611505,2.717954404,1,0.008412022,-0.365417805,NA,NA,0.032399737,0.104279256,0.089055538,0.152928533,4039.366735
resamp082,0.5,0.318043906,-0.312316258,37.33263791,26.14736558,2.715993376,1,0.008664421,-0.34094786,NA,NA,0.030049629,0.100051583,0.086804133,0.160011788,4226.459774
resamp083,0.5,0.334914852,-0.316400475,38.77801619,27.14284564,2.780992266,1,0.008744264,-0.370567892,NA,NA,0.032577329,0.104070969,0.088361758,0.157949522,4171.98827
resamp084,0.5,0.328091734,-0.314119648,38.48161452,28.11668396,2.674499617,1,0.008440435,-0.339330262,NA,NA,0.032357412,0.101055699,0.084276964,0.156910998,4144.557291
resamp085,0.5,0.330541263,-0.308960416,37.35400473,27.27524456,2.696230049,1,0.00815524,-0.347514673,NA,NA,0.032326374,0.102601733,0.090882858,0.164220657,4337.630428
resamp086,0.5,0.342670285,-0.311678163,38.59659176,26.78018342,2.731895494,1,0.008632379,-0.356958399,NA,NA,0.030049325,0.102434364,0.09049938,0.161635317,4269.342745
resamp087,0.5,0.329220766,-0.335975025,36.49498019,28.56667337,2.739730563,1,0.008052425,-0.360110116,NA,NA,0.030242556,0.101421852,0.086494858,0.16441319,4342.715889
resamp088,0.5,0.319331743,-0.313450615,35.54845172,27.71388231,2.621254505,1,0.008618965,-0.354840409,NA,NA,0.032677542,0.107969757,0.087258305,0.162661164,4296.438865
resamp089,0.5,0.316714686,-0.329306468,36.12710195,28.79458524,2.636661015,1,0.008238171,-0.367514751,NA,NA,0.030085616,0.10295037,0.09068231,0.16561872,4374.558077
resamp090,0.5,0.323098114,-0.315284566,35.78341869,26.56686896,2.572728757,1,0.008080913,-0.370930678,NA,NA,0.030555486,0.107580667,0.088685579,0.164991031,4357.978634
resamp091,0.5,0.314037899,-0.312158165,37.41350853,27.58132245,2.70212325,1,0.008316306,-0.354742542,NA,NA,0.029896617,0.102152177,0.08800025,0.15669888,4138.954529
resamp092,0.5,0.317857999,-0.340855478,38.21827856,28.15949981,2.687508457,1,0.008641538,-0.362265472,NA,NA,0.030325502,0.106518278,0.085698079,0.151740646,4007.990573
resamp093,0.5,0.319630213,-0.337038472,37.17901703,28.76523916,2.728478387,1,0.008532448,-0.343956714,NA,NA,0.031415111,0.108466188,0.089157186,0.155412898,4104.987313
resamp094,0.5,0.339908431,-0.338278237,37.50680335,27.22119644,2.594714324,1,0.008217817,-0.338281967,NA,NA,0.031513853,0.099933877,0.089256109,0.16424095,4338.166431
resamp095,0.5,0.337589126,-0.310681735,37.79335423,27.24828719,2.542093592,1,0.008597214,-0.343956868,NA,NA,0.031272384,0.103618994,0.0838454,0.150981655,3987.942997
resamp096,0.5,0.343921346,-0.336898924,36.09268634,27.81163408,2.683278028,1,0.008367228,-0.341844347,NA,NA,0.030769694,0.104873185,0.087234119,0.156876952,4143.658015
resamp097,0.5,0.337261441,-0.3165328,37.79673245,28.06812484,2.616281355,1,0.008688259,-0.342659791,NA,NA,0.031914079,0.105365112,0.089383513,0.16528741,4365.807027
resamp098,0.5,0.313785413,-0.332194621,36.8163815,28.00615359,2.715623976,1,0.008095692,-0.34586748,NA,NA,0.031392991,0.099839577,0.091727485,0.152107276,4017.674522
resamp099,0.5,0.329922563,-0.314439958,36.86646874,26.56866086,2.59394385,1,0.008409101,-0.360272214,NA,NA,0.031015856,0.103046545,0.085795137,0.157641702,4163.857674
resamp100,0.5,0.336632244,-0.336042008,38.76906884,28.56131415,2.695031972,1,0.007996334,-0.371523099,NA,NA,0.030157274,0.103837845,0.085281284,0.16551943,4371.935478
resamp101,0.5,0.314524956,-0.316781283,37.33724394,27.84050752,2.566094205,1,0.008730575,-0.342070514,NA,NA,0.032540852,0.106088139,0.088705614,0.160407761,4236.918787
resamp102,0.5,0.319537371,-0.313589214,35.44022773,26.6473565,2.599979286,1,0.008287068,-0.339034896,NA,NA,0.031269625,0.105047562,0.087432382,0.152831104,4036.793307
resamp103,0.5,0.345390337,-0.313756896,38.0146551,28.85493475,2.5516568,1,0.00816825,-0.355437793,NA,NA,0.031005065,0.10027155,0.089753707,0.157837629,4169.032771
resamp104,0.5,0.337106868,-0.338007434,36.56232822,28.45638416,2.732207244,1,0.008627051,-0.337363617,NA,NA,0.030178653,0.101531057,0.086905092,0.151844347,4010.729661
resamp105,0.5,0.318806878,-0.32808822,38.13233765,28.07402118,2.700465046,1,0.00813379,-0.352320516,NA,NA,0.029806578,0.106904259,0.084543826,0.164821323,4353.496073
resamp106,0.5,0.318521574,-0.324272259,38.1319219,28.43106508,2.782261598,1,0.00855259,-0.348941296,NA,NA,0.032136183,0.098812331,0.088491932,0.161508957,4266.005126
resamp107,0.5,0.315924467,-0.310268041,38.10644958,27.46792193,2.594864768,1,0.008264675,-0.340477105,NA,NA,0.032108705,0.108801803,0.086893259,0.154460853,4079.840544
resamp108,0.5,0.318465621,-0.311584508,36.23889435,27.0798783,2.572091576,1,0.008067547,-0.346311516,NA,NA,0.032149659,0.101002977,0.088416545,0.157097269,4149.477326
resamp109,0.5,0.329804838,-0.319839028,35.29322822,26.68338203,2.640561088,1,0.008744805,-0.345504684,NA,NA,0.032517328,0.103191231,0.092399775,0.151844989,4010.746617
resamp110,0.5,0.325242136,-0.330871816,37.706944,26.70935713,2.585859259,1,0.008742988,-0.339735586,NA,NA,0.030747057,0.100662324,0.088678753,0.152620578,4031.232587
resamp111,0.5,0.33673997,-0.33516845,37.9355553,28.58266818,2.521884714,1,0.008278511,-0.354204462,NA,NA,0.03035288,0.104843608,0.085096588,0.154110326,4070.581926
resamp112,0.5,0.334511569,-0.312665991,37.7643836,27.22963135,2.608823786,1,0.008028804,-0.365652052,NA,NA,0.031497543,0.098845475,0.084473595,0.162175495,4283.610698
resamp113,0.5,0.320385551,-0.333375697,38.39707389,26.35723394,2.566225522,1,0.008038367,-0.340511512,NA,NA,0.030631778,0.101664034,0.085606743,0.152366448,4024.520145
resamp114,0.5,0.320155438,-0.33673496,36.39305626,26.53271041,2.634874633,1,0.008602301,-0.337814969,NA,NA,0.031391291,0.105329513,0.084850438,0.165503444,4371.513225
resamp115,0.5,0.325878937,-0.318547927,35.57532553,27.14327353,2.75352956,1,0.008586899,-0.360623455,NA,NA,0.031641796,0.107958771,0.085385502,0.153008029,4041.466478
resamp116,0.5,0.331347353,-0.318614523,36.12924212,28.49323846,2.748356926,1,0.008056728,-0.343305835,NA,NA,0.031895873,0.102209854,0.084046452,0.158401791,4183.934235
resamp117,0.5,0.342105002,-0.312768315,38.84786146,28.42587495,2.658454551,1,0.008036734,-0.365415515,NA,NA,0.032345908,0.107671282,0.091757263,0.156527897,4134.438273
resamp118,0.5,0.321351686,-0.322896065,38.64012344,28.16150439,2.701233322,1,0.008618552,-0.370550666,NA,NA,0.030869253,0.108268538,0.089917607,0.162072956,4280.902283
resamp119,0.5,0.328140147,-0.326431412,36.07353561,28.83585595,2.693994657,1,0.008428526,-0.350023534,NA,NA,0.032331684,0.106210986,0.084013199,0.161597833,4268.352667
resamp120,0.5,0.342699191,-0.324426664,37.54851892,26.21322501,2.69616054,1,0.008327133,-0.357358895,NA,NA,0.031698955,0.105243192,0.085598108,0.164027375,4332.525178
resamp121,0.5,0.327315055,-0.321185216,35.56654162,27.53350626,2.570228152,1,0.008590283,-0.354168914,NA,NA,0.030817044,0.1084383,0.084428246,0.161000381,4252.571898
resamp122,0.5,0.327489648,-0.331501088,37.48594285,27.67886603,2.711174342,1,0.008667682,-0.362478688,NA,NA,0.032356377,0.10414757,0.085717255,0.16536987,4367.98508
resamp123,0.5,0.321684012,-0.330380533,36.40178682,26.71920662,2.674612324,1,0.00841308,-0.355982603,NA,NA,0.031297259,0.105647746,0.08833382,0.162546066,4293.398744
resamp124,0.5,0.320787733,-0.33722264,37.5698198,27.89463402,2.563483837,1,0.008575192,-0.350778281,NA,NA,0.03064117,0.106244724,0.083855593,0.152746659,4034.562803
resamp125,0.5,0.329434184,-0.332219428,36.20764073,27.85083446,2.536628411,1,0.008242305,-0.360318369,NA,NA,0.030851902,0.102230415,0.087993529,0.152991141,4041.02041
resamp126,0.5,0.335353062,-0.338191043,35.45859674,27.04153354,2.521743314,1,0.008555583,-0.371914032,NA,NA,0.031919255,0.10650723,0.091402706,0.154782537,4088.337325
resamp127,0.5,0.317549385,-0.338085117,35.40214607,26.64530346,2.652975047,1,0.008583863,-0.365970527,NA,NA,0.031349803,0.108225966,0.084633982,0.153845602,4063.58967
resamp128,0.5,0.324527667,-0.332844468,37.56991518,26.72601291,2.547970172,1,0.008486113,-0.3607202,NA,NA,0.030805594,0.100110756,0.090954347,0.163657274,4322.74954
resamp129,0.5,0.320755126,-0.339026906,35.58773364,27.72798352,2.583729526,1,0.007993674,-0.341360324,NA,NA,0.032759932,0.106247764,0.09148319,0.161788688,4273.393784
resamp130,0.5,0.34411318,-0.322022478,35.2506576,27.98974592,2.518005213,1,0.008612412,-0.369311312,NA,NA,0.029946371,0.103194193,0.089128989,0.16188867,4276.03465
resamp131,0.5,0.319410829,-0.337254014,36.01424098,27.66506912,2.704612418,1,0.008625883,-0.371034048,NA,NA,0.030156028,0.099842858,0.084506108,0.156360933,4130.028188
resamp132,0.5,0.314138868,-0.324948877,35.27830236,28.31156036,2.630024643,1,0.00806919,-0.355746388,NA,NA,0.030673697,0.107641287,0.089193189,0.155861563,4116.838108
resamp133,0.5,0.331172157,-0.329236532,36.06345315,27.13045265,2.547394465,1,0.008500121,-0.341579814,NA,NA,0.030254279,0.099920028,0.084867351,0.162468563,4291.351629
resamp134,0.5,0.338286551,-0.31607609,37.21353386,26.20998546,2.694420733,1,0.008476081,-0.341068819,NA,NA,0.031717598,0.104066194,0.091197592,0.161733836,4271.944967
resamp135,0.5,0.320903994,-0.318298832,36.03717696,28.37312412,2.713308433,1,0.008200122,-0.367695306,NA,NA,0.030020508,0.100652346,0.091887688,0.153184594,4046.130186
resamp136,0.5,0.334346845,-0.339429992,38.04126589,27.32729263,2.776786192,1,0.008165306,-0.337995063,NA,NA,0.030005656,0.101124092,0.087511894,0.164220559,4337.627835
resamp137,0.5,0.345172575,-0.333788981,38.1488684,28.38258612,2.60199134,1,0.007989972,-0.343700556,NA,NA,0.032152832,0.10827887,0.088541328,0.150932257,3986.63824
resamp138,0.5,0.339674726,-0.323039156,35.53777485,26.71291152,2.654846917,1,0.008171152,-0.367367419,NA,NA,0.032444175,0.103279588,0.090634904,0.154733587,4087.044391
resamp139,0.5,0.332233311,-0.312234378,36.27876549,26.92005168,2.670447858,1,0.008063735,-0.369418882,NA,NA,0.030087102,0.099408247,0.086849609,0.158654196,4190.601126
resamp140,0.5,0.343007306,-0.320753058,36.00978481,27.34019747,2.709968605,1,0.008565059,-0.36445007,NA,NA,0.030573768,0.105951319,0.087939914,0.156656909,4137.845914
resamp141,0.5,0.339750343,-0.339182904,35.51189859,28.08393601,2.59724371,1,0.008204706,-0.34634139,NA,NA,0.03213284,0.104594576,0.092250749,0.156874487,4143.592911
resamp142,0.5,0.31645718,-0.329882364,35.3098946,28.02648733,2.568992534,1,0.0082122,-0.34213994,NA,NA,0.031178914,0.106283389,0.092535911,0.154409166,4078.47533
resamp143,0.5,0.329774152,-0.340266398,36.8333729,26.22546583,2.629082857,1,0.00845893,-0.363714979,NA,NA,0.030779247,0.100752903,0.084928539,0.166128935,4388.034594
resamp144,0.5,0.327832602,-0.324950151,36.53578622,28.06164112,2.582722828,1,0.008144938,-0.368642632,NA,NA,0.031454132,0.099468133,0.086463474,0.150577878,3977.277878
resamp145,0.5,0.336227716,-0.338251463,38.1554823,26.28654216,2.597137516,1,0.008510897,-0.342954887,NA,NA,0.031134938,0.103893904,0.087916435,0.15532418,4102.64398
resamp146,0.5,0.337787413,-0.327377421,36.59160036,26.32993615,2.734245076,1,0.008402834,-0.340853937,NA,NA,0.0298169,0.109183977,0.088284888,0.15490772,4091.643838
resamp147,0.5,0.334583315,-0.33118677,37.02516034,26.12623633,2.54450311,1,0.008580706,-0.363973236,NA,NA,0.032391887,0.102664181,0.086020914,0.151315837,3996.769905
resamp148,0.5,0.325136359,-0.313026907,37.95075406,28.10747948,2.561759836,1,0.008649498,-0.3416149,NA,NA,0.030744831,0.10632606,0.089884384,0.155562454,4108.937609
resamp149,0.5,0.331478959,-0.324480194,38.04020967,27.66906887,2.609837984,1,0.007960662,-0.341903183,NA,NA,0.031308705,0.103685141,0.091622193,0.157905416,4170.82327
resamp150,0.5,0.325899808,-0.319972237,36.02492148,27.95119754,2.52946863,1,0.008048522,-0.372642291,NA,NA,0.03021485,0.108222692,0.088252232,0.150691559,3980.28057
resamp151,0.5,0.342283821,-0.331727364,37.10759282,27.10866139,2.679410793,1,0.008515645,-0.349632544,NA,NA,0.031824717,0.099712729,0.086947023,0.154986125,4093.714793
resamp152,0.5,0.328045013,-0.316493545,37.03383003,27.94023126,2.755905253,1,0.008254976,-0.35499036,NA,NA,0.031770533,0.105156966,0.088372462,0.152998962,4041.226988
resamp153,0.5,0.322917402,-0.320431109,35.2311256,26.14555079,2.689735456,1,0.008099655,-0.357127166,NA,NA,0.032555184,0.100550571,0.088255441,0.162003583,4279.069908
resamp154,0.5,0.322027434,-0.311710241,36.62917662,28.76592575,2.75083913,1,0.007966259,-0.354252053,NA,NA,0.032370051,0.101213193,0.086293792,0.164965,4357.291084
resamp155,0.5,0.336921318,-0.313881903,35.73015581,27.86228396,2.573647552,1,0.008596202,-0.361368128,NA,NA,0.029759406,0.104925523,0.084919398,0.157713173,4165.74548
resamp156,0.5,0.315904578,-0.317061014,38.5286147,26.6702987,2.554771459,1,0.008406156,-0.370500202,NA,NA,0.031921445,0.107753369,0.090236081,0.15868932,4191.528864
resamp157,0.5,0.329835418,-0.335951278,36.77140961,26.8425826,2.656592409,1,0.007951528,-0.369667414,NA,NA,0.030000832,0.103490296,0.088631277,0.159676297,4217.598314
resamp158,0.5,0.33786473,-0.311239593,37.84244147,28.01054333,2.605584916,1,0.008330173,-0.367023836,NA,NA,0.032047469,0.102604493,0.084036422,0.152859965,4037.555625
resamp159,0.5,0.322869639,-0.309421499,38.20626305,28.78069075,2.701430651,1,0.008373787,-0.355418946,NA,NA,0.030723539,0.104004319,0.085122529,0.150922231,3986.373415
resamp160,0.5,0.335062449,-0.322422015,36.71412615,26.22675549,2.621358359,1,0.008320301,-0.344027307,NA,NA,0.032358919,0.104396892,0.09226621,0.155452959,4106.045461
resamp161,0.5,0.321647703,-0.32495873,38.63241315,26.21408245,2.603433961,1,0.008266116,-0.358377194,NA,NA,0.031313752,0.101752741,0.092038203,0.162650209,4296.149502
resamp162,0.5,0.313837794,-0.318580275,35.99378363,27.36183558,2.579586749,1,0.008229091,-0.351691746,NA,NA,0.031071504,0.099569101,0.089702296,0.159013377,4200.08831
resamp163,0.5,0.342502395,-0.30906755,38.33644747,28.15854655,2.553340978,1,0.00806856,-0.338219477,NA,NA,0.032036307,0.10570263,0.086143007,0.153601308,4057.137016
resamp164,0.5,0.338645805,-0.315818692,36.99629865,28.6969945,2.7212447,1,0.008511597,-0.344001728,NA,NA,0.030837427,0.102262107,0.087878638,0.164307752,4339.930908
resamp165,0.5,0.334755656,-0.323007784,38.43840834,28.55076127,2.574813766,1,0.008424384,-0.35362648,NA,NA,0.032789649,0.099290107,0.084379097,0.16233649,4287.863127
resamp166,0.5,0.343213276,-0.318449078,38.12484163,27.77609143,2.642920703,1,0.008554049,-0.368311131,NA,NA,0.032421152,0.102271546,0.090706673,0.159981924,4225.670971
resamp167,0.5,0.323557355,-0.330825355,36.40685869,27.30608098,2.771924065,1,0.007962313,-0.353695797,NA,NA,0.031856517,0.100130918,0.084557775,0.150593319,3977.685721
resamp168,0.5,0.329038428,-0.320259834,37.69006805,28.27871177,2.668520454,1,0.008450404,-0.337404174,NA,NA,0.032405432,0.109037217,0.085897203,0.160366799,4235.836833
resamp169,0.5,0.322206792,-0.330871435,36.80799554,26.39779879,2.698760512,1,0.008644803,-0.35234555,NA,NA,0.031927758,0.105466709,0.088577115,0.154653344,4084.924901
resamp170,0.5,0.339857081,-0.313700011,35.65611456,27.29678971,2.769472697,1,0.008747515,-0.345535517,NA,NA,0.031000986,0.103886604,0.08975267,0.164650893,4348.994438
resamp171,0.5,0.345070087,-0.331182931,36.77991103,27.9908181,2.602604132,1,0.008302645,-0.363455747,NA,NA,0.029798142,0.107689018,0.089672383,0.160138792,4229.814375
resamp172,0.5,0.343279282,-0.310623009,38.29415848,26.57600104,2.672240804,1,0.008675047,-0.36009207,NA,NA,0.031608691,0.10150382,0.085431164,0.157192091,4151.981909
resamp173,0.5,0.327088295,-0.329108084,38.09359339,28.35456459,2.622291024,1,0.008744539,-0.355507611,NA,NA,0.030645435,0.099040605,0.089051635,0.160145166,4229.982729
resamp174,0.5,0.314036751,-0.316449424,35.17548331,26.7496028,2.782113152,1,0.008347164,-0.356165422,NA,NA,0.031995016,0.106724815,0.091266539,0.154330485,4076.397087
resamp175,0.5,0.319070573,-0.31750511,36.81828593,27.6524645,2.52605602,1,0.008498123,-0.353414355,NA,NA,0.030615162,0.106887883,0.086175699,0.162024898,4279.632895
resamp176,0.5,0.314940011,-0.31392992,37.71856614,27.93799117,2.597125525,1,0.008239868,-0.365606034,NA,NA,0.029851999,0.103745382,0.089975593,0.156459982,4132.644388
resamp177,0.5,0.330496802,-0.323349714,38.46478841,27.09797707,2.674629294,1,0.008542297,-0.341260046,NA,NA,0.03193007,0.104029729,0.085945117,0.15957325,4214.876482
resamp178,0.5,0.345525878,-0.314542625,35.9626397,27.80276565,2.537874089,1,0.008727055,-0.357970551,NA,NA,0.030589341,0.100991577,0.091811421,0.154659192,4085.079365
resamp179,0.5,0.315161424,-0.326958844,35.18778528,27.54665513,2.721226479,1,0.008398361,-0.339908114,NA,NA,0.031126057,0.104422359,0.086068067,0.165453031,4370.18164
resamp180,0.5,0.337434822,-0.330095107,38.40336814,26.56851753,2.716159549,1,0.008481527,-0.347823707,NA,NA,0.03208663,0.100686529,0.08575159,0.153552881,4055.857908
resamp181,0.5,0.339412727,-0.334136855,36.12022454,28.15153144,2.661677848,1,0.008149522,-0.337733038,NA,NA,0.032673883,0.1030429,0.091430654,0.157133655,4150.438419
resamp182,0.5,0.337426296,-0.328963639,36.23585113,27.89891371,2.554661165,1,0.008684527,-0.337252227,NA,NA,0.032583611,0.102678467,0.084459268,0.162522679,4292.780996
resamp183,0.5,0.318292459,-0.338203877,37.45032814,26.24563052,2.56884555,1,0.008605367,-0.371879095,NA,NA,0.032488617,0.09960861,0.092168956,0.151385791,3998.617629
resamp184,0.5,0.344133572,-0.334064237,37.82810924,28.72851209,2.739785131,1,0.008096118,-0.365894878,NA,NA,0.032719987,0.109192911,0.08551406,0.165921281,4382.549735
resamp185,0.5,0.318507993,-0.309324815,35.21251073,27.52159654,2.550956291,1,0.008119156,-0.34748349,NA,NA,0.032047739,0.100963372,0.088008902,0.157537663,4161.109645
resamp186,0.5,0.317677672,-0.337877424,37.33557473,27.51976233,2.712283193,1,0.008317318,-0.371795565,NA,NA,0.032039776,0.101273322,0.088401163,0.163746545,4325.107499
resamp187,0.5,0.342029701,-0.320202934,37.78931392,27.17700621,2.603122521,1,0.007955669,-0.358042556,NA,NA,0.031239439,0.105847306,0.086931518,0.158267811,4180.395365
resamp188,0.5,0.335170204,-0.324271623,38.31035749,28.03410582,2.669728546,1,0.008273727,-0.34818276,NA,NA,0.03022557,0.107521468,0.08968003,0.158026122,4174.011525
resamp189,0.5,0.322398034,-0.327881155,37.83895197,27.03065865,2.673043533,1,0.007951299,-0.355959169,NA,NA,0.03077422,0.103115221,0.084656865,0.152817112,4036.423715
resamp190,0.5,0.320728672,-0.311649118,38.02069415,28.4811072,2.7399719,1,0.008753124,-0.367898478,NA,NA,0.030823907,0.106398443,0.085392448,0.165653814,4375.485012
resamp191,0.5,0.325535613,-0.310711193,35.64637261,28.11251169,2.586185776,1,0.008586004,-0.351272267,NA,NA,0.030952106,0.104574634,0.092143669,0.153260777,4048.142442
resamp192,0.5,0.33063523,-0.339415122,35.7625339,27.64744672,2.697592966,1,0.008282526,-0.341096425,NA,NA,0.030774178,0.102859338,0.083800676,0.151746386,4008.142169
resamp193,0.5,0.331130674,-0.327194601,37.89530365,26.4779075,2.73469335,1,0.008089392,-0.340773458,NA,NA,0.032582779,0.107127588,0.091116285,0.160141982,4229.898628
resamp194,0.5,0.337098136,-0.336071339,37.90493897,26.92870768,2.623704074,1,0.007983564,-0.356700954,NA,NA,0.030326664,0.108641452,0.08961396,0.165246852,4364.735754
resamp195,0.5,0.32201621,-0.311982395,37.88939668,27.0336641,2.563197248,1,0.008727778,-0.342057939,NA,NA,0.03240291,0.099791747,0.087133186,0.151967668,4013.986978
resamp196,0.5,0.329482545,-0.32956155,37.76251216,27.86994117,2.761206588,1,0.008294188,-0.33755694,NA,NA,0.032747058,0.103845063,0.090333823,0.1531344,4044.804375
resamp197,0.5,0.333966056,-0.336109853,36.0371304,27.87101826,2.624648087,1,0.008310178,-0.36296088,NA,NA,0.032154916,0.107661086,0.088473318,0.152066636,4016.601077
resamp198,0.5,0.342460879,-0.312445316,37.36888253,28.84011796,2.715614285,1,0.008764048,-0.352355188,NA,NA,0.032800067,0.103841011,0.083892607,0.158412063,4184.205556
resamp199,0.5,0.320767232,-0.341009667,38.58443197,27.02307144,2.741483458,1,0.008357305,-0.352811363,NA,NA,0.031983489,0.108023697,0.084276995,0.166174077,4389.226945
resamp200,0.5,0.31877701,-0.325715546,35.45683871,27.93339998,2.753545881,1,0.008069657,-0.349023438,NA,NA,0.031807605,0.106858511,0.091103813,0.160329197,4234.843626
resamp201,0.5,0.345002113,-0.32551882,38.69091425,27.5480594,2.702202173,1,0.008588419,-0.347610007,NA,NA,0.031746824,0.104344566,0.085305417,0.155782615,4114.75282
resamp202,0.5,0.341784052,-0.318519328,35.45632801,27.782095,2.758704152,1,0.008195177,-0.341939488,NA,NA,0.031491722,0.103975506,0.084976629,0.156295557,4128.301363
resamp203,0.5,0.338083405,-0.325384461,37.78001935,26.90880594,2.681964311,1,0.008761661,-0.358168239,NA,NA,0.032314691,0.109172161,0.084113953,0.163447491,4317.208464
resamp204,0.5,0.335386025,-0.316647594,36.35989272,27.64264882,2.771003244,1,0.008227573,-0.361985816,NA,NA,0.032772694,0.1075978,0.085558547,0.153589755,4056.831871
resamp205,0.5,0.329276292,-0.337560982,38.83417463,28.7814696,2.715193809,1,0.008677184,-0.341218191,NA,NA,0.029823501,0.106331395,0.086961,0.158076779,4175.349557
resamp206,0.5,0.338649812,-0.31771746,36.81323132,26.99070546,2.669106654,1,0.008623528,-0.35600957,NA,NA,0.031997728,0.108780531,0.091450061,0.159027777,4200.468661
resamp207,0.5,0.313828654,-0.311070965,37.70991579,27.96060726,2.778998673,1,0.008396675,-0.34582951,NA,NA,0.031364888,0.104321914,0.086488787,0.155432153,4105.495921
resamp208,0.5,0.333399807,-0.311383444,38.43938732,27.57353266,2.723110021,1,0.008241881,-0.372742933,NA,NA,0.031672657,0.103043075,0.085448374,0.156906028,4144.426
resamp209,0.5,0.331736258,-0.313308763,37.11786839,26.36665231,2.522959662,1,0.008502053,-0.343671671,NA,NA,0.03035499,0.101797118,0.090636492,0.155703363,4112.659489
resamp210,0.5,0.317387507,-0.323340556,35.3373077,28.06753537,2.653659609,1,0.008110712,-0.347293917,NA,NA,0.030944666,0.100482339,0.08475403,0.164492878,4344.820727
resamp211,0.5,0.32631898,-0.329260814,35.97554943,28.53357484,2.757652585,1,0.008616881,-0.353452069,NA,NA,0.030850451,0.100982962,0.085908942,0.154956097,4092.921652
resamp212,0.5,0.315863223,-0.326403386,37.35745181,26.3460148,2.735920126,1,0.008403414,-0.33805006,NA,NA,0.03252653,0.101606797,0.092575461,0.156881208,4143.770429
resamp213,0.5,0.346234614,-0.322356798,36.35805515,28.3838668,2.62612624,1,0.008652152,-0.356554627,NA,NA,0.032032151,0.101969685,0.085690572,0.162290808,4286.656514
resamp214,0.5,0.340332197,-0.322179965,37.02920703,28.26474298,2.718529704,1,0.008243572,-0.342020264,NA,NA,0.029957238,0.107539518,0.09106555,0.150882489,3985.323684
resamp215,0.5,0.323676781,-0.314548782,36.37181888,27.02380831,2.720502545,1,0.008268586,-0.360965162,NA,NA,0.032516996,0.101804965,0.088311111,0.158170881,4177.835095
resamp216,0.5,0.324917784,-0.324922809,37.72132835,28.7244946,2.694713139,1,0.008605934,-0.342242955,NA,NA,0.030696047,0.099791101,0.091776358,0.151869908,4011.404822
resamp217,0.5,0.335988788,-0.341092861,38.81418969,28.82220186,2.659578068,1,0.008313801,-0.347573505,NA,NA,0.029774289,0.104990818,0.085235984,0.162344936,4288.086196
resamp218,0.5,0.338139701,-0.314887863,37.66943036,26.62638388,2.540747628,1,0.00857374,-0.339102948,NA,NA,0.032235265,0.107395657,0.086857902,0.151331889,3997.193883
resamp219,0.5,0.320357998,-0.319757046,38.40734292,27.28251315,2.659674397,1,0.008573921,-0.370446779,NA,NA,0.030849859,0.10173833,0.086659466,0.162385753,4289.164323
resamp220,0.5,0.316209163,-0.33821773,36.94684923,27.34013643,2.542338582,1,0.008528254,-0.339878589,NA,NA,0.032653838,0.098974179,0.086491204,0.157671937,4164.656287
resamp221,0.5,0.343807061,-0.335034885,37.76262714,26.48091,2.714752431,1,0.008027121,-0.344300253,NA,NA,0.031191394,0.108955178,0.089802725,0.153442466,4052.941453
resamp222,0.5,0.332338003,-0.331564159,37.69954402,26.43587276,2.638462502,1,0.008244298,-0.372385763,NA,NA,0.032017749,0.104055218,0.088829808,0.160498816,4239.323857
resamp223,0.5,0.314105916,-0.317409716,36.88304545,26.39330221,2.599112009,1,0.008257864,-0.33875722,NA,NA,0.032583918,0.105855261,0.089207482,0.162393084,4289.357951
resamp224,0.5,0.331992042,-0.324936258,35.37573679,28.83056143,2.694779573,1,0.007967679,-0.347480761,NA,NA,0.030073787,0.103215579,0.091646557,0.150770889,3982.375943
resamp225,0.5,0.342791287,-0.323205713,36.1849332,28.57962182,2.585493853,1,0.008459916,-0.366683203,NA,NA,0.032723759,0.105196237,0.084882967,0.159092799,4202.186117
resamp226,0.5,0.319165574,-0.3093802,37.24139368,26.44520329,2.570457296,1,0.008002806,-0.347610518,NA,NA,0.031542956,0.099273692,0.092151942,0.162644685,4296.003595
resamp227,0.5,0.329956723,-0.319876299,35.99547005,28.75116162,2.626601575,1,0.007957795,-0.370601667,NA,NA,0.032057438,0.101957773,0.090580654,0.165807425,4379.54242
resamp228,0.5,0.34451379,-0.323774326,38.8065399,27.18260193,2.738993844,1,0.00834827,-0.352066065,NA,NA,0.030505289,0.100684717,0.085643815,0.151301126,3996.381331
resamp229,0.5,0.343179168,-0.320752019,36.22762323,28.02874821,2.757344324,1,0.008230054,-0.362931821,NA,NA,0.031747232,0.099926089,0.086976652,0.15682379,4142.253811
resamp230,0.5,0.327352436,-0.328953392,36.17742154,26.53343798,2.53509213,1,0.008542631,-0.362453383,NA,NA,0.030643902,0.104778076,0.090061448,0.154866281,4090.549304
resamp231,0.5,0.345564348,-0.317535599,36.48299787,27.8593459,2.720057018,1,0.008656832,-0.366503801,NA,NA,0.030920958,0.098864356,0.08713488,0.157599311,4162.737993
resamp232,0.5,0.321815073,-0.318053089,35.3076168,26.42777959,2.623500583,1,0.008161569,-0.371314516,NA,NA,0.031963278,0.108982011,0.085306868,0.150936508,3986.75051
resamp233,0.5,0.31872919,-0.339113707,35.19655892,26.96555296,2.769320237,1,0.008672565,-0.370216909,NA,NA,0.031915271,0.099645132,0.091489177,0.15533351,4102.890411
resamp234,0.5,0.3402723,-0.309738578,36.07820769,26.96785964,2.549779147,1,0.008003879,-0.364374953,NA,NA,0.030455934,0.104605164,0.088003959,0.152461854,4027.040128
resamp235,0.5,0.33205624,-0.330757197,35.89561266,27.10250315,2.590528282,1,0.008699245,-0.338232244,NA,NA,0.030310175,0.100716619,0.091837409,0.164256254,4338.570673
resamp236,0.5,0.330376788,-0.339495177,37.95433698,26.82724861,2.621390652,1,0.008285296,-0.360403584,NA,NA,0.032174653,0.101799096,0.085388379,0.162487682,4291.856623
resamp237,0.5,0.319763993,-0.313487334,38.39060485,28.69433866,2.612372898,1,0.008267381,-0.356128481,NA,NA,0.031542767,0.099758935,0.086294908,0.15931168,4207.967514
resamp238,0.5,0.314025442,-0.337584662,38.23217412,28.60801111,2.554443079,1,0.008707151,-0.355682229,NA,NA,0.030267014,0.104436809,0.091434436,0.153435688,4052.762438
resamp239,0.5,0.33021807,-0.327541315,38.59706519,27.44557833,2.653071188,1,0.008149726,-0.360189933,NA,NA,0.03110434,0.104835955,0.085820072,0.162222474,4284.851575
resamp240,0.5,0.332856695,-0.313246097,36.11458852,26.8693555,2.659071821,1,0.008068449,-0.365278141,NA,NA,0.030016686,0.109093478,0.086390775,0.163098856,4307.999819
resamp241,0.5,0.32316903,-0.325803416,36.6371341,28.64531115,2.564968685,1,0.008493631,-0.345248941,NA,NA,0.030076743,0.10758208,0.089988797,0.164498611,4344.972134
resamp242,0.5,0.339649658,-0.338123537,37.17930475,26.3469547,2.72693202,1,0.008114644,-0.343409496,NA,NA,0.031963621,0.10906527,0.090452736,0.16422713,4337.801395
resamp243,0.5,0.323721972,-0.320668114,36.74177945,27.97646445,2.634844141,1,0.008379296,-0.35111789,NA,NA,0.031874607,0.104105139,0.091332145,0.162333053,4287.772341
resamp244,0.5,0.331580144,-0.31959178,38.55810156,27.47482066,2.642838692,1,0.008735889,-0.349938215,NA,NA,0.031413873,0.103517531,0.089594696,0.159629066,4216.350764
resamp245,0.5,0.315242161,-0.328065933,35.25966997,27.33354589,2.683942021,1,0.008764629,-0.342452605,NA,NA,0.031251336,0.101982658,0.085974103,0.157667341,4164.534889
resamp246,0.5,0.336853033,-0.335884148,36.47270054,28.62981191,2.716872872,1,0.008018365,-0.346508179,NA,NA,0.030900662,0.105428865,0.084401424,0.152251105,4021.473521
resamp247,0.5,0.32916931,-0.319601557,38.30300905,27.78131343,2.662385038,1,0.00820913,-0.339108457,NA,NA,0.031026297,0.101983412,0.087677451,0.160590209,4241.73786
resamp248,0.5,0.343390015,-0.332028508,36.31159574,26.23815319,2.677190835,1,0.00868699,-0.355683947,NA,NA,0.031491163,0.102612402,0.087341006,0.151196575,3993.619782
resamp249,0.5,0.344944394,-0.339074625,35.51020274,26.27225179,2.692985672,1,0.008730021,-0.344649796,NA,NA,0.03121279,0.105086706,0.091951133,0.157679947,4164.867856
resamp250,0.5,0.322685328,-0.337727145,35.8585141,26.64452898,2.753273782,1,0.008095703,-0.369025828,NA,NA,0.030069012,0.107428311,0.085970705,0.165577979,4373.481954
resamp251,0.5,0.319033009,-0.324472749,37.3705486,26.18624497,2.588201499,1,0.008424144,-0.349925856,NA,NA,0.030138842,0.106318869,0.090051595,0.155009796,4094.340026
resamp252,0.5,0.340057459,-0.321169615,37.93615162,27.98863849,2.773393634,1,0.008615634,-0.367390027,NA,NA,0.031215037,0.106471194,0.088122299,0.155177091,4098.758854
resamp253,0.5,0.324580689,-0.31402774,36.62495177,26.18765628,2.719394757,1,0.008678267,-0.34599866,NA,NA,0.032819045,0.102820047,0.091631921,0.160292941,4233.885992
resamp254,0.5,0.327156124,-0.335577475,38.56524229,26.72127879,2.53720439,1,0.008702884,-0.341737515,NA,NA,0.032488299,0.10650945,0.087185345,0.155572517,4109.203405
resamp255,0.5,0.338248498,-0.318051639,37.45099092,27.63246912,2.714530506,1,0.008670721,-0.371442962,NA,NA,0.031335533,0.101903134,0.087288038,0.153292656,4048.984457
resamp256,0.5,0.320183551,-0.331133569,38.28605221,27.08845496,2.592076277,1,0.007989654,-0.368058573,NA,NA,0.030515044,0.103868781,0.091592852,0.153261015,4048.148727
resamp257,0.5,0.325105489,-0.330861485,38.6258151,27.24988175,2.552241704,1,0.007965354,-0.363949028,NA,NA,0.032535826,0.103257743,0.088858436,0.162588441,4294.518018
resamp258,0.5,0.324819121,-0.311256136,37.87275261,27.38129405,2.563192841,1,0.00828665,-0.355489526,NA,NA,0.031445248,0.102627202,0.092396886,0.163598273,4321.191126
resamp259,0.5,0.340490899,-0.339572238,36.69482245,26.16332215,2.68574527,1,0.008445863,-0.367080152,NA,NA,0.031616645,0.100631151,0.084626166,0.15393261,4065.88785
resamp260,0.5,0.315532103,-0.317415993,37.01962008,27.95245472,2.578133802,1,0.008077741,-0.364811179,NA,NA,0.030794183,0.108292967,0.088671953,0.160352668,4235.46359
resamp261,0.5,0.334671915,-0.341066288,37.51448619,26.24488674,2.59089585,1,0.008732394,-0.367916366,NA,NA,0.031043001,0.09887076,0.085894246,0.158390802,4183.643974
resamp262,0.5,0.32916541,-0.332850001,38.56950447,26.64185653,2.606547963,1,0.008604665,-0.369883865,NA,NA,0.032493559,0.107117751,0.085202682,0.159893263,4223.329127
resamp263,0.5,0.314269276,-0.334797597,36.66035318,27.74612523,2.537522345,1,0.00835613,-0.341544552,NA,NA,0.032105234,0.103790948,0.089495599,0.151586966,4003.93134
resamp264,0.5,0.338060588,-0.328731668,35.3899802,28.43360801,2.640955725,1,0.007986554,-0.371564651,NA,NA,0.032521736,0.105001947,0.088888697,0.164935317,4356.507038
resamp265,0.5,0.318376353,-0.310550032,37.42313938,28.40518945,2.556954061,1,0.008178864,-0.370386,NA,NA,0.032111824,0.105012216,0.086515741,0.158918871,4197.592096
resamp266,0.5,0.31895296,-0.321886659,35.33191092,28.35635748,2.638909684,1,0.00858758,-0.368543715,NA,NA,0.032580499,0.102906897,0.08972551,0.152230466,4020.928382
resamp267,0.5,0.327933699,-0.33223814,36.91143808,28.82688179,2.716346674,1,0.00810662,-0.33893785,NA,NA,0.030269866,0.108546465,0.085472312,0.163002262,4305.448448
resamp268,0.5,0.315098633,-0.323419891,35.18571749,26.68950079,2.689716255,1,0.008373782,-0.342040856,NA,NA,0.032101721,0.10624603,0.092330477,0.157711414,4165.699
resamp269,0.5,0.33870252,-0.309056304,36.6821353,26.85986985,2.536412264,1,0.008650428,-0.370417015,NA,NA,0.031538011,0.106318716,0.088909035,0.159765003,4219.941331
resamp270,0.5,0.333210993,-0.315108325,38.2447699,27.70839734,2.721073425,1,0.008298376,-0.337462357,NA,NA,0.032486584,0.109041973,0.091870869,0.151489226,4001.34969
resamp271,0.5,0.339534877,-0.332528485,35.5124465,28.47406845,2.709936096,1,0.008569679,-0.362856436,NA,NA,0.032665981,0.099348838,0.087802315,0.16555014,4372.746621
resamp272,0.5,0.315089905,-0.309551438,38.77087366,26.87779339,2.551719587,1,0.008091435,-0.371631526,NA,NA,0.030606914,0.102554145,0.08788843,0.153177167,4045.933995
resamp273,0.5,0.320355545,-0.321873701,36.20968941,26.26416552,2.730893215,1,0.008461375,-0.363775896,NA,NA,0.032255304,0.101532458,0.090920859,0.164326975,4340.438641
resamp274,0.5,0.326867575,-0.320661366,36.18892432,28.15079422,2.782386599,1,0.00823873,-0.354480682,NA,NA,0.029889026,0.105883859,0.089250432,0.163496586,4318.505236
resamp275,0.5,0.317127967,-0.333024948,36.13569494,28.32450865,2.62015021,1,0.008438632,-0.350877105,NA,NA,0.032362078,0.108290732,0.084560191,0.151190761,3993.466223
resamp276,0.5,0.338833003,-0.332311491,35.42879446,26.30544105,2.623438615,1,0.008131576,-0.354168283,NA,NA,0.0298662,0.104487521,0.09156554,0.165152997,4362.256723
resamp277,0.5,0.332066842,-0.339373977,36.6593954,26.94897291,2.767308706,1,0.008620971,-0.367875154,NA,NA,0.029755874,0.101131861,0.08673581,0.156144153,4124.302265
resamp278,0.5,0.332199684,-0.322120201,37.60873421,28.11294753,2.681605192,1,0.008590309,-0.35019561,NA,NA,0.031953172,0.103189224,0.087961271,0.152157477,4019.000491
resamp279,0.5,0.315985848,-0.316109248,35.19298861,27.57001107,2.526754579,1,0.008682411,-0.343533104,NA,NA,0.03175484,0.105521573,0.088573287,0.159979446,4225.605496
resamp280,0.5,0.335439294,-0.315119946,35.69160005,27.13416734,2.753737273,1,0.007941832,-0.341508808,NA,NA,0.030154813,0.105104715,0.091897679,0.165426849,4369.490081
resamp281,0.5,0.325865148,-0.326342836,35.66540283,27.00898312,2.697214972,1,0.008732226,-0.359375901,NA,NA,0.031806857,0.106575729,0.090100686,0.150747586,3981.760441
resamp282,0.5,0.329618302,-0.316489681,37.50519759,28.1409406,2.749036506,1,0.008316734,-0.372001271,NA,NA,0.032671904,0.106075584,0.088779542,0.165384793,4368.379254
resamp283,0.5,0.342917518,-0.325442975,35.3116337,28.17569752,2.663152874,1,0.008587839,-0.359877046,NA,NA,0.032319624,0.103964418,0.091780368,0.160972489,4251.83519
resamp284,0.5,0.33398214,-0.317436877,35.89439682,27.87715305,2.706107955,1,0.008568245,-0.364992304,NA,NA,0.030111793,0.107414697,0.089892007,0.15417453,4072.277783
resamp285,0.5,0.320895559,-0.340991,37.00528054,27.03242737,2.693417492,1,0.00840181,-0.350945509,NA,NA,0.031618651,0.10438299,0.088189463,0.163010437,4305.664381
resamp286,0.5,0.337621107,-0.326576013,37.98221491,27.87961869,2.583732787,1,0.008354674,-0.350543904,NA,NA,0.031793799,0.102460386,0.092399627,0.15670697,4139.168204
resamp287,0.5,0.343497849,-0.340925099,37.85440698,27.18818385,2.769133184,1,0.008535527,-0.340123128,NA,NA,0.032170548,0.105306479,0.085060379,0.155358594,4103.55297
resamp288,0.5,0.330011557,-0.336620566,35.85773951,28.32943479,2.528612588,1,0.008129147,-0.346599335,NA,NA,0.030528474,0.101438629,0.090134263,0.165514732,4371.811389
resamp289,0.5,0.340395339,-0.324237842,37.44739509,26.38376316,2.531228479,1,0.008567037,-0.358452763,NA,NA,0.030705608,0.104681865,0.08715366,0.158459613,4185.461515
resamp290,0.5,0.321372808,-0.334657508,37.77777196,27.51071334,2.535071873,1,0.008461877,-0.370435779,NA,NA,0.029778775,0.103039096,0.088710354,0.161594734,4268.270805
resamp291,0.5,0.334122552,-0.314711555,35.70162041,28.75506721,2.679149273,1,0.008094915,-0.35382914,NA,NA,0.032001098,0.100319681,0.086156157,0.159244723,4206.198968
resamp292,0.5,0.343833385,-0.322419751,36.2948767,26.17694823,2.524258206,1,0.008558113,-0.351498891,NA,NA,0.032494966,0.099098949,0.083957051,0.157389364,4157.192573
resamp293,0.5,0.321794339,-0.311822064,37.59240998,27.14698177,2.518082349,1,0.008136044,-0.351967357,NA,NA,0.031007111,0.105796131,0.088946901,0.156441565,4132.157945
resamp294,0.5,0.323891583,-0.312437096,38.24623995,26.62281063,2.671327819,1,0.008557771,-0.349450136,NA,NA,0.031472591,0.106647647,0.084191843,0.157664128,4164.450031
resamp295,0.5,0.32358584,-0.319178752,36.95405395,26.2157431,2.696278767,1,0.008320808,-0.338237634,NA,NA,0.030898479,0.107689664,0.089555203,0.152342428,4023.88568
resamp296,0.5,0.327529124,-0.311806175,36.05749973,28.70720238,2.633765581,1,0.007947653,-0.349703265,NA,NA,0.032440582,0.106063649,0.084671659,0.157609449,4163.005768
resamp297,0.5,0.343917332,-0.340462115,37.90853562,28.61783181,2.527414696,1,0.008015789,-0.361502742,NA,NA,0.030350946,0.099528885,0.088910435,0.153553191,4055.866096
resamp298,0.5,0.334441,-0.310509837,37.54160236,28.62152729,2.595068093,1,0.008716066,-0.341977199,NA,NA,0.029969243,0.10148649,0.084626068,0.152385835,4025.032206
resamp299,0.5,0.320077177,-0.318516033,37.77098515,27.87513047,2.738604016,1,0.008255865,-0.360299406,NA,NA,0.032653328,0.104827281,0.084639865,0.152935661,4039.554993
resamp300,0.5,0.346357902,-0.319417599,36.41623794,27.60700986,2.565369166,1,0.008310546,-0.345273617,NA,NA,0.032417971,0.102383058,0.091456012,0.152338087,4023.771031
resamp301,0.5,0.342296206,-0.327718938,35.89228159,28.87012606,2.745810475,1,0.008536594,-0.342264462,NA,NA,0.032545935,0.103707933,0.087516941,0.154379269,4077.685633
resamp302,0.5,0.334651526,-0.332978744,37.49903594,26.88408173,2.552850261,1,0.008044171,-0.351724402,NA,NA,0.032441896,0.101231882,0.0909457,0.166162341,4388.916965
resamp303,0.5,0.332583213,-0.331441617,35.50533184,27.60943534,2.54602863,1,0.008281997,-0.365804203,NA,NA,0.02982425,0.101155925,0.091960428,0.158725233,4192.477435
resamp304,0.5,0.321276571,-0.31216536,36.82656302,28.1844455,2.705266249,1,0.008252507,-0.34669201,NA,NA,0.029759835,0.101184707,0.091117026,0.152250075,4021.446315
resamp305,0.5,0.334525269,-0.321079513,37.56191402,28.61494793,2.694252077,1,0.008050695,-0.344585093,NA,NA,0.030382008,0.103610511,0.087011095,0.161099173,4255.181345
resamp306,0.5,0.316358207,-0.311423745,37.27682464,28.53901036,2.642653346,1,0.007953835,-0.347701811,NA,NA,0.030817475,0.108692439,0.090753592,0.166337678,4393.54821
resamp307,0.5,0.324778711,-0.317278161,36.35860232,28.20048464,2.744628558,1,0.008067992,-0.370918484,NA,NA,0.031189538,0.105665091,0.087905507,0.161838442,4274.707962
resamp308,0.5,0.319426711,-0.324509744,38.09725917,26.96792445,2.546819172,1,0.008116614,-0.355922724,NA,NA,0.030038081,0.100294361,0.090385243,0.152579594,4030.150058
resamp309,0.5,0.321443263,-0.340669702,36.18945074,27.07084298,2.574437102,1,0.008639309,-0.341654834,NA,NA,0.032600423,0.099884617,0.091043828,0.153211944,4046.852579
resamp310,0.5,0.330969452,-0.321345546,36.17541471,26.18963727,2.578689083,1,0.007959667,-0.352006246,NA,NA,0.029815965,0.107381845,0.092329086,0.153944278,4066.196027
resamp311,0.5,0.316475024,-0.326840986,36.33441014,28.46241991,2.540544707,1,0.00804077,-0.348616623,NA,NA,0.031244989,0.104812355,0.084777516,0.157481959,4159.638324
resamp312,0.5,0.339397855,-0.324359314,38.80164213,28.80251475,2.745433266,1,0.008390583,-0.365639676,NA,NA,0.031618683,0.108152523,0.087818719,0.159794847,4220.729615
resamp313,0.5,0.329420526,-0.340655089,36.84420511,26.49197435,2.708803651,1,0.008041206,-0.360089802,NA,NA,0.030280853,0.099103935,0.085570898,0.153505425,4054.604424
resamp314,0.5,0.336133469,-0.326443167,35.99211665,26.97003666,2.721869136,1,0.008624884,-0.346384299,NA,NA,0.03216393,0.102123296,0.09228797,0.164063779,4333.486749
resamp315,0.5,0.315104416,-0.340748798,36.53009206,27.32767347,2.605526087,1,0.008660926,-0.357055239,NA,NA,0.030398174,0.105035294,0.092244523,0.154381501,4077.744584
resamp316,0.5,0.323644648,-0.324266593,35.74843753,27.60118925,2.680844417,1,0.008586809,-0.352237865,NA,NA,0.03142928,0.108132592,0.092578238,0.163742529,4325.00143
resamp317,0.5,0.318636137,-0.322455175,38.4504644,28.71703214,2.764816311,1,0.008007099,-0.351041967,NA,NA,0.029759927,0.101488823,0.0858226,0.159672727,4217.504008
resamp318,0.5,0.334274773,-0.321027702,37.05664035,28.4832594,2.67878932,1,0.008703285,-0.363463644,NA,NA,0.031794534,0.098976866,0.085841184,0.151856301,4011.045406
resamp319,0.5,0.315339598,-0.330639587,36.22711846,26.45179367,2.520820851,1,0.008359739,-0.339391749,NA,NA,0.030119659,0.102909013,0.085493074,0.162627396,4295.546955
resamp320,0.5,0.340780492,-0.338837402,37.8920551,26.98906904,2.766310346,1,0.008168396,-0.355159588,NA,NA,0.031574342,0.102410629,0.087098412,0.161160689,4256.806187
resamp321,0.5,0.31585789,-0.33746727,38.35131502,26.60952282,2.55020535,1,0.0087187,-0.342569577,NA,NA,0.030500217,0.102826309,0.088824701,0.159070513,4201.597476
resamp322,0.5,0.345748108,-0.322130388,35.16760629,27.05462806,2.594994112,1,0.007933879,-0.349809244,NA,NA,0.031334701,0.102017635,0.090409,0.152630687,4031.499606
resamp323,0.5,0.326656376,-0.315158274,36.41240929,26.79824623,2.634756228,1,0.008336109,-0.350401941,NA,NA,0.031569597,0.101902351,0.090346876,0.156260777,4127.382725
resamp324,0.5,0.323578244,-0.312533541,35.75591046,27.01374449,2.680086365,1,0.008582337,-0.364086137,NA,NA,0.030691582,0.106253413,0.092166725,0.162943722,4303.902206
resamp325,0.5,0.337442204,-0.338253774,35.7168752,26.14438388,2.746028127,1,0.008642116,-0.340519087,NA,NA,0.0301576,0.101802983,0.086869229,0.166003339,4384.717168
resamp326,0.5,0.343480979,-0.340155072,38.46243817,28.25049968,2.518055213,1,0.008179512,-0.351981448,NA,NA,0.031845098,0.101267193,0.084360038,0.165850673,4380.684736
resamp327,0.5,0.337547179,-0.324136589,38.43641248,26.45783333,2.603769136,1,0.008468038,-0.350354865,NA,NA,0.030918212,0.101833631,0.086779281,0.162683694,4297.033967
resamp328,0.5,0.320925036,-0.325397356,37.29725825,28.29329604,2.693986298,1,0.008747167,-0.342590861,NA,NA,0.030711674,0.109102202,0.092564759,0.15424413,4074.116165
resamp329,0.5,0.34322905,-0.325183849,37.60986294,26.58257963,2.645530318,1,0.008449025,-0.343148892,NA,NA,0.032124785,0.104264292,0.086871544,0.154626443,4084.214364
resamp330,0.5,0.321613791,-0.337911094,36.60736926,28.52375443,2.592700013,1,0.008174983,-0.371823475,NA,NA,0.029859151,0.109150731,0.085721406,0.154264175,4074.645608
resamp331,0.5,0.335988871,-0.324143053,38.69484377,28.02710525,2.750555335,1,0.007984731,-0.371454786,NA,NA,0.030599508,0.100041618,0.086243825,0.166324999,4393.213319
resamp332,0.5,0.314608956,-0.327284361,37.07769057,27.97314628,2.566507285,1,0.008674536,-0.362986369,NA,NA,0.032242255,0.104737262,0.088469355,0.156111259,4123.433434
resamp333,0.5,0.341857523,-0.328747645,35.39343007,28.78423614,2.695164161,1,0.008660117,-0.359946717,NA,NA,0.031761582,0.099679642,0.087485322,0.16180336,4273.781335
resamp334,0.5,0.330729157,-0.323677855,37.22742724,27.08983976,2.689636289,1,0.008419603,-0.35410333,NA,NA,0.032719338,0.100981188,0.086525706,0.153125265,4044.563095
resamp335,0.5,0.329694254,-0.340906044,38.02194444,27.51473818,2.640275149,1,0.007941358,-0.345476641,NA,NA,0.030506929,0.105357874,0.085752036,0.158686232,4191.4473
resamp336,0.5,0.34343007,-0.328232192,38.8078034,27.88619073,2.779383675,1,0.008181234,-0.356458957,NA,NA,0.032646946,0.103806541,0.086529593,0.160541842,4240.46032
resamp337,0.5,0.324593808,-0.323563924,37.44718326,27.42887484,2.763124069,1,0.008450183,-0.339393245,NA,NA,0.030242974,0.106206601,0.084763826,0.150575118,3977.204975
resamp338,0.5,0.344455063,-0.326036686,36.32103101,27.15111612,2.523844128,1,0.008227445,-0.352752079,NA,NA,0.030969026,0.102871779,0.091938959,0.165307812,4366.345911
resamp339,0.5,0.329074869,-0.317585581,37.43783331,27.30466582,2.664084969,1,0.008567761,-0.350475751,NA,NA,0.030813092,0.100084209,0.088531787,0.159840765,4221.942458
resamp340,0.5,0.32127473,-0.321695725,38.83322007,26.62551224,2.546520539,1,0.008647866,-0.365936368,NA,NA,0.031704498,0.105921981,0.085556586,0.157593698,4162.589739
resamp341,0.5,0.323335714,-0.331437581,37.95649165,26.98272515,2.556026137,1,0.007959396,-0.348452561,NA,NA,0.031699392,0.108295364,0.090465891,0.160372592,4235.989836
resamp342,0.5,0.323353977,-0.330343011,36.56351202,28.42831403,2.728951951,1,0.008243956,-0.359569126,NA,NA,0.032103498,0.1049012,0.086516519,0.152915388,4039.019515
resamp343,0.5,0.334736281,-0.319701085,38.68726039,26.97442107,2.6475142,1,0.008344207,-0.348026113,NA,NA,0.030114717,0.108348175,0.089821343,0.158217871,4179.076271
resamp344,0.5,0.317560952,-0.338988312,37.942889,26.56883353,2.69397503,1,0.008656301,-0.352962921,NA,NA,0.032162724,0.10742375,0.091488141,0.156781213,4141.129201
resamp345,0.5,0.331880902,-0.328751736,37.55831131,28.4976865,2.744293314,1,0.007960254,-0.347113531,NA,NA,0.031810915,0.099333977,0.08596613,0.16306313,4307.056182
resamp346,0.5,0.333819468,-0.33062135,35.68865316,28.34780993,2.614739366,1,0.008324965,-0.36223087,NA,NA,0.031079467,0.102234214,0.085125825,0.161784462,4273.282178
resamp347,0.5,0.34181762,-0.309989975,36.46653816,27.49707406,2.553216898,1,0.008305138,-0.362518207,NA,NA,0.0317267,0.107535938,0.091939732,0.152545938,4029.261074
resamp348,0.5,0.316115952,-0.32941533,37.52980381,28.27015332,2.712296883,1,0.008011522,-0.344069309,NA,NA,0.032629131,0.102345138,0.087726626,0.157393558,4157.303355
resamp349,0.5,0.333704941,-0.326407662,37.34575639,26.75803079,2.646651044,1,0.008609715,-0.368864923,NA,NA,0.031727506,0.108627297,0.086713025,0.164921157,4356.133032
resamp350,0.5,0.33391224,-0.324892469,37.58807444,26.80152552,2.771308966,1,0.008212251,-0.350362382,NA,NA,0.032003446,0.105479832,0.090195467,0.152522984,4028.654779
resamp351,0.5,0.326995373,-0.334396355,36.42134231,27.88371913,2.645536434,1,0.008090884,-0.36977753,NA,NA,0.032427094,0.101395213,0.089449215,0.155687183,4112.232141
resamp352,0.5,0.318103194,-0.329210232,36.35616226,26.43550048,2.702472351,1,0.008718429,-0.341224752,NA,NA,0.03084399,0.100646673,0.088783799,0.165269648,4365.337877
resamp353,0.5,0.320067457,-0.309369464,38.44257883,28.43703011,2.58084455,1,0.008619371,-0.370282136,NA,NA,0.031378036,0.106011876,0.086514976,0.158749158,4193.109383
resamp354,0.5,0.328610214,-0.322614723,37.83286482,27.67453977,2.702347614,1,0.008418666,-0.35827316,NA,NA,0.029777729,0.102420933,0.0916844,0.153521795,4055.036824
resamp355,0.5,0.334795633,-0.313680093,38.83196658,27.93472807,2.656817467,1,0.008608625,-0.349736646,NA,NA,0.030438628,0.107176863,0.092381053,0.159519098,4213.446153
resamp356,0.5,0.340471328,-0.314067994,36.91692496,26.56229905,2.687093206,1,0.008511487,-0.348531238,NA,NA,0.032211709,0.10148491,0.091854187,0.159949942,4224.826195
resamp357,0.5,0.329282194,-0.314934254,35.26061622,26.52635168,2.520930023,1,0.008044443,-0.340412225,NA,NA,0.030811071,0.106829118,0.08849248,0.151017206,3988.882028
resamp358,0.5,0.333354,-0.328427913,36.47299738,27.55576075,2.636850968,1,0.008242528,-0.354322347,NA,NA,0.030825096,0.105793884,0.084069435,0.162419657,4290.059858
resamp359,0.5,0.327251458,-0.310542494,35.21669803,26.42959438,2.758256705,1,0.008298607,-0.360414937,NA,NA,0.030762785,0.107416785,0.08628918,0.163870881,4328.391657
resamp360,0.5,0.34059241,-0.310634787,35.29555649,26.74684613,2.562106263,1,0.008513922,-0.348572555,NA,NA,0.031299392,0.108738676,0.08453339,0.15872963,4192.593596
resamp361,0.5,0.339992567,-0.320411459,35.77866388,26.34705326,2.580131582,1,0.008535419,-0.353147799,NA,NA,0.030232114,0.102860301,0.088039065,0.151356764,3997.850927
resamp362,0.5,0.31460692,-0.313276848,38.67108659,28.70142763,2.62549731,1,0.008069456,-0.370179843,NA,NA,0.031406004,0.100818172,0.086435308,0.163001312,4305.423354
resamp363,0.5,0.313570014,-0.313791964,38.06069668,26.43165791,2.600380869,1,0.008295783,-0.349050429,NA,NA,0.031550595,0.107871136,0.091187135,0.163947313,4330.410474
resamp364,0.5,0.323774226,-0.333867098,37.35064535,27.55712012,2.723970343,1,0.008729071,-0.368433166,NA,NA,0.0313373,0.10575681,0.090505855,0.166025557,4385.304032
resamp365,0.5,0.317304998,-0.316446908,36.14762131,26.4411021,2.709524271,1,0.008172283,-0.352833467,NA,NA,0.031582246,0.107495272,0.084878042,0.153738364,4060.757135
resamp366,0.5,0.324340935,-0.319447336,37.86837423,28.34506658,2.615654429,1,0.00812919,-0.358685415,NA,NA,0.031095722,0.104451594,0.091040555,0.152314789,4023.155657
resamp367,0.5,0.331262285,-0.337153679,35.74515711,28.85203555,2.580225895,1,0.008321463,-0.338646031,NA,NA,0.031557364,0.108682718,0.091466071,0.15988576,4223.130949
resamp368,0.5,0.339357758,-0.315361951,35.43077097,27.39649411,2.674752095,1,0.008505694,-0.36214632,NA,NA,0.029936821,0.107456725,0.087912032,0.155648726,4111.216348
resamp369,0.5,0.335874628,-0.336164488,37.20838772,26.20611364,2.706091922,1,0.008284178,-0.341983651,NA,NA,0.030598284,0.099486129,0.091664105,0.151576736,4003.661131
resamp370,0.5,0.337747722,-0.340931562,36.48119299,27.91529843,2.558035877,1,0.008045245,-0.340299477,NA,NA,0.030429851,0.106116955,0.091525941,0.159696899,4218.142482
resamp371,0.5,0.327956332,-0.311731077,38.23040416,28.06867769,2.766022343,1,0.008687049,-0.340348581,NA,NA,0.031926324,0.099178768,0.090346495,0.163749051,4325.173707
resamp372,0.5,0.31750249,-0.337801087,35.88310006,28.04389294,2.68868054,1,0.008199365,-0.367010263,NA,NA,0.032610174,0.104806073,0.090664802,0.165885154,4381.595502
resamp373,0.5,0.340203717,-0.317923287,38.5942237,26.71972718,2.613969477,1,0.008362824,-0.340018683,NA,NA,0.031354661,0.099650825,0.090580902,0.15726512,4153.91085
resamp374,0.5,0.314381399,-0.338750704,37.01072472,27.41577922,2.651691006,1,0.008036683,-0.348063723,NA,NA,0.031526866,0.103205877,0.091969016,0.161079282,4254.655935
resamp375,0.5,0.330259918,-0.332466124,38.46691843,28.65224952,2.703802525,1,0.008072174,-0.350919131,NA,NA,0.032605995,0.10585785,0.08448643,0.165780844,4378.840325
resamp376,0.5,0.345436773,-0.323511274,35.92301567,28.7694293,2.72425625,1,0.008286604,-0.361288543,NA,NA,0.032823012,0.105217703,0.090741294,0.165239617,4364.544648
resamp377,0.5,0.344417616,-0.333099457,36.6878404,28.3208437,2.610688473,1,0.008742914,-0.351667682,NA,NA,0.032024001,0.106837219,0.090758339,0.155145514,4097.9248
resamp378,0.5,0.337173041,-0.309606591,35.67414337,26.64258427,2.58773833,1,0.008262588,-0.3709477,NA,NA,0.030401393,0.105348959,0.090254325,0.151659433,4005.845446
resamp379,0.5,0.335487564,-0.311992978,35.84819372,26.44860176,2.582099175,1,0.00814453,-0.368702998,NA,NA,0.03216101,0.108050199,0.085272698,0.16341812,4316.432681
resamp380,0.5,0.319105789,-0.311689968,37.11476146,27.89165809,2.590977463,1,0.008612105,-0.343625084,NA,NA,0.030592157,0.100967934,0.088672809,0.160165081,4230.508758
resamp381,0.5,0.334978298,-0.324715055,36.42428562,26.41743988,2.68873782,1,0.008517077,-0.346067407,NA,NA,0.029979146,0.105339741,0.092560651,0.152492961,4027.861781
resamp382,0.5,0.331470631,-0.325027296,38.77536636,27.2032868,2.602288403,1,0.008228642,-0.345354874,NA,NA,0.030272063,0.107884578,0.088915079,0.150663225,3979.532185
resamp383,0.5,0.334994744,-0.311927211,37.96522926,26.53805666,2.523904449,1,0.008499405,-0.368432235,NA,NA,0.030963223,0.108009144,0.088997528,0.156329707,4129.203386
resamp384,0.5,0.320744739,-0.324244592,35.49832318,28.2439907,2.542733989,1,0.00802694,-0.344861792,NA,NA,0.030687467,0.105846323,0.090716464,0.160898106,4249.870467
resamp385,0.5,0.331994285,-0.339046682,36.37043702,26.34535288,2.745203615,1,0.008178753,-0.370901751,NA,NA,0.032515427,0.100041668,0.090569381,0.157243155,4153.330689
resamp386,0.5,0.325041754,-0.326184927,35.63933362,28.34648146,2.66959818,1,0.008647888,-0.344381375,NA,NA,0.030903715,0.102386245,0.088484331,0.165498399,4371.379967
resamp387,0.5,0.343086686,-0.340652678,37.05325696,26.92089814,2.739046122,1,0.008253077,-0.368242487,NA,NA,0.030522304,0.107330133,0.091555258,0.161568288,4267.57226
resamp388,0.5,0.322546647,-0.318382858,38.10368733,27.40091745,2.620294741,1,0.008169751,-0.347636751,NA,NA,0.032828264,0.099025576,0.089478064,0.160088357,4228.482231
resamp389,0.5,0.341835538,-0.338202398,36.58176326,27.1221106,2.722794315,1,0.00839666,-0.353932698,NA,NA,0.03004026,0.102419149,0.090240234,0.157470709,4159.341178
resamp390,0.5,0.316143104,-0.32598442,37.47313326,27.15125077,2.627333475,1,0.008668801,-0.34089206,NA,NA,0.030679701,0.10251905,0.085998004,0.152045973,4016.055281
resamp391,0.5,0.316061485,-0.315084305,37.98974896,28.18079086,2.528823515,1,0.008273979,-0.371401194,NA,NA,0.031894009,0.102650202,0.085602144,0.165680763,4376.196828
resamp392,0.5,0.326464348,-0.335152111,35.28056529,27.91946662,2.624919648,1,0.008357046,-0.353994862,NA,NA,0.032027532,0.107740773,0.085295679,0.155821931,4115.79128
resamp393,0.5,0.330929434,-0.32889252,36.87507318,27.05630122,2.587842272,1,0.008522449,-0.351953853,NA,NA,0.031728942,0.10098086,0.092077944,0.158081877,4175.48422
resamp394,0.5,0.322758778,-0.310167148,36.22819996,28.46462991,2.639720521,1,0.008686044,-0.339137428,NA,NA,0.03239917,0.101270212,0.087249513,0.153956348,4066.514845
resamp395,0.5,0.344861646,-0.314999123,38.02986871,26.88825464,2.740781772,1,0.008759642,-0.344231165,NA,NA,0.032338033,0.104586924,0.086753241,0.160944221,4251.08851
resamp396,0.5,0.315028184,-0.327679187,37.2459771,26.71432106,2.595223032,1,0.008393256,-0.365903253,NA,NA,0.032035714,0.102452099,0.083781402,0.152900849,4038.635488
resamp397,0.5,0.316014797,-0.316511027,36.2115477,26.40197088,2.633917034,1,0.007936607,-0.367776869,NA,NA,0.031699266,0.10548634,0.084006622,0.156454487,4132.499266
resamp398,0.5,0.319233605,-0.338638709,38.55407779,26.87438863,2.683686339,1,0.008310349,-0.360018666,NA,NA,0.030355789,0.108890092,0.090621658,0.16258935,4294.542023
resamp399,0.5,0.340194863,-0.333683641,37.47177179,27.77083725,2.76606502,1,0.008268399,-0.342612001,NA,NA,0.029957544,0.098989401,0.08417097,0.157600495,4162.769256
resamp400,0.5,0.342938956,-0.312312298,36.16700446,26.31747585,2.544019635,1,0.00807261,-0.362492131,NA,NA,0.031298503,0.106315251,0.086622796,0.165742181,4377.819079
resamp401,0.5,0.318492922,-0.315460652,36.47357986,27.09287785,2.625026175,1,0.008586331,-0.360284509,NA,NA,0.031949687,0.103914405,0.08666968,0.15334273,4050.307094
resamp402,0.5,0.321589746,-0.337713889,35.70660565,28.2815557,2.768768459,1,0.008252577,-0.357398133,NA,NA,0.029768349,0.099893715,0.089881582,0.165060316,4359.808694
resamp403,0.5,0.321552925,-0.325792483,38.39980183,28.30357176,2.666532178,1,0.008413205,-0.3678214,NA,NA,0.029775017,0.100704093,0.083788251,0.154201427,4072.988217
resamp404,0.5,0.323746443,-0.310464498,36.08300461,28.1280398,2.70785172,1,0.008151477,-0.345346445,NA,NA,0.032107308,0.107956686,0.087465875,0.164934492,4356.485245
resamp405,0.5,0.336394083,-0.318466083,36.26651833,27.21083131,2.558190628,1,0.007994366,-0.345742933,NA,NA,0.031655053,0.109034571,0.086871463,0.159384649,4209.894881
resamp406,0.5,0.321686125,-0.336048121,37.71585895,26.17975276,2.771638121,1,0.008447944,-0.363181744,NA,NA,0.030161508,0.104179607,0.088623053,0.164558019,4346.541305
resamp407,0.5,0.34006648,-0.325056207,37.88536711,28.63897879,2.722758672,1,0.00833854,-0.365894572,NA,NA,0.031947041,0.106092434,0.085592364,0.158815605,4194.86448
resamp408,0.5,0.341698822,-0.324091246,37.68646633,28.42087711,2.679998728,1,0.008535581,-0.345083388,NA,NA,0.032367122,0.099797765,0.091413383,0.164330675,4340.536378
resamp409,0.5,0.342997089,-0.322063254,35.38181748,27.87369567,2.519843477,1,0.008563013,-0.337568472,NA,NA,0.030100063,0.100076205,0.092193439,0.16514933,4362.159868
resamp410,0.5,0.334444725,-0.328074594,38.59012562,26.66846545,2.761280302,1,0.008004655,-0.371165345,NA,NA,0.029917045,0.105942435,0.088819757,0.157266046,4153.93532
resamp411,0.5,0.322515764,-0.336881455,37.33484637,27.86635789,2.688394513,1,0.008683557,-0.363805312,NA,NA,0.031277909,0.105331653,0.089352807,0.162088242,4281.306036
resamp412,0.5,0.338752666,-0.323652198,38.27358584,28.08914778,2.753431765,1,0.008360188,-0.353773573,NA,NA,0.030778528,0.107165459,0.085555327,0.151636376,4005.236441
resamp413,0.5,0.314315997,-0.340109565,35.3568086,28.59805552,2.701536994,1,0.008049569,-0.34280804,NA,NA,0.030272812,0.105736659,0.09027005,0.163860079,4328.106314
resamp414,0.5,0.314734218,-0.309844206,35.33214312,28.77737169,2.58153865,1,0.008545523,-0.367355974,NA,NA,0.030439218,0.105627281,0.090459559,0.159649175,4216.881921
resamp415,0.5,0.317976157,-0.332555056,35.48480263,27.11313503,2.591791306,1,0.008011402,-0.371393213,NA,NA,0.030810981,0.108060934,0.088451623,0.154035985,4068.618326
resamp416,0.5,0.326274714,-0.32108849,36.41787766,27.97685986,2.756891225,1,0.008259048,-0.366445621,NA,NA,0.031918161,0.098824605,0.086002285,0.163156035,4309.510125
resamp417,0.5,0.336277644,-0.321428835,37.79586152,28.10671846,2.569829524,1,0.007985131,-0.348360981,NA,NA,0.03137004,0.101406321,0.086107293,0.154742991,4087.292773
resamp418,0.5,0.315738216,-0.340327437,35.31825104,26.59603602,2.728391019,1,0.008587108,-0.35489767,NA,NA,0.030866136,0.102360973,0.08995251,0.155277481,4101.410503
resamp419,0.5,0.329605231,-0.314202536,37.70631829,28.58776597,2.561551702,1,0.008127931,-0.364874684,NA,NA,0.031105628,0.108648294,0.085971568,0.165848049,4380.615441
resamp420,0.5,0.316745569,-0.321034936,36.01910784,27.81472407,2.649676904,1,0.008433989,-0.367611845,NA,NA,0.031825931,0.105048035,0.089107531,0.165691863,4376.490026
resamp421,0.5,0.328115012,-0.309519541,37.95024445,27.12936819,2.655725272,1,0.008311631,-0.345401685,NA,NA,0.030102203,0.098822304,0.089201812,0.16213678,4282.588085
resamp422,0.5,0.339038376,-0.334653018,38.69209524,28.11454507,2.606028226,1,0.008641804,-0.345963249,NA,NA,0.029850431,0.100481302,0.088321751,0.152621677,4031.261608
resamp423,0.5,0.321475309,-0.315482762,35.99727602,26.40942372,2.722466519,1,0.008614072,-0.367245116,NA,NA,0.032552394,0.101758978,0.084616268,0.164421179,4342.926909
resamp424,0.5,0.338968991,-0.336549595,37.88359261,28.60690124,2.577020417,1,0.008657769,-0.339094189,NA,NA,0.030570338,0.100571748,0.08852793,0.153162619,4045.549741
resamp425,0.5,0.319898724,-0.320259659,36.31860107,28.1982487,2.6488025,1,0.007949446,-0.361550543,NA,NA,0.030783611,0.101211816,0.091148347,0.159528258,4213.688082
resamp426,0.5,0.318495383,-0.31747639,38.4368277,27.50028338,2.55756603,1,0.008386016,-0.362270426,NA,NA,0.031193425,0.098931925,0.084938548,0.165774392,4378.669897
resamp427,0.5,0.342196579,-0.333975315,36.72549813,27.44746185,2.695047936,1,0.008176469,-0.372379118,NA,NA,0.030771036,0.10871522,0.091787366,0.157741421,4166.491598
resamp428,0.5,0.344799099,-0.309331292,37.34178205,27.76666115,2.558223911,1,0.008666307,-0.35190507,NA,NA,0.031024999,0.10666822,0.092219953,0.158702134,4191.86732
resamp429,0.5,0.313685993,-0.309947541,38.44272124,27.11231283,2.782020335,1,0.0082395,-0.368735517,NA,NA,0.03061162,0.105571795,0.09053504,0.15544469,4105.827065
resamp430,0.5,0.338123726,-0.336651797,37.96851625,26.49515794,2.733409167,1,0.008560209,-0.360567162,NA,NA,0.031685885,0.108614775,0.085682575,0.151065179,3990.149162
resamp431,0.5,0.328545949,-0.312437724,37.59908766,28.5268198,2.587632324,1,0.007996049,-0.34451164,NA,NA,0.032836525,0.102386734,0.092495418,0.159147438,4203.629336
resamp432,0.5,0.324857606,-0.317788731,35.27391254,27.80753208,2.581993483,1,0.008321472,-0.340031376,NA,NA,0.029921672,0.107713192,0.089517033,0.163592185,4321.030324
resamp433,0.5,0.341581515,-0.317235662,35.95584678,28.50657503,2.62142596,1,0.008724354,-0.365264635,NA,NA,0.030245555,0.099948096,0.084868785,0.164511972,4345.325052
resamp434,0.5,0.328096777,-0.315367489,36.67301009,28.14849053,2.539465108,1,0.008401054,-0.370205156,NA,NA,0.031769058,0.101641453,0.091181413,0.162822387,4300.697313
resamp435,0.5,0.339900694,-0.311763768,38.28669495,27.69180585,2.75087239,1,0.008019348,-0.361372453,NA,NA,0.029785993,0.106583155,0.090968678,0.165874373,4381.310747
resamp436,0.5,0.33382318,-0.326810408,37.788358,28.26360934,2.685747143,1,0.008291549,-0.33947249,NA,NA,0.032563241,0.103032128,0.084164837,0.155440881,4105.726448
resamp437,0.5,0.333485814,-0.333404591,38.09000995,27.68110025,2.72833893,1,0.008174432,-0.344298553,NA,NA,0.030902229,0.107485683,0.089733185,0.155404413,4104.763207
resamp438,0.5,0.328520795,-0.338830687,37.874835,28.70346568,2.72726106,1,0.00850102,-0.346531333,NA,NA,0.030059747,0.106145241,0.09213834,0.158178183,4178.027979
resamp439,0.5,0.343542539,-0.318821416,37.40234273,27.45823609,2.603066195,1,0.008045302,-0.338338328,NA,NA,0.031957084,0.100827908,0.091336967,0.158615768,4189.586101
resamp440,0.5,0.335381587,-0.310627739,38.28986753,26.40315155,2.631113303,1,0.008410497,-0.355742115,NA,NA,0.031432419,0.105355214,0.089762762,0.151677523,4006.32326
resamp441,0.5,0.327307488,-0.321346995,38.00715021,28.67963573,2.59486055,1,0.008554169,-0.363273865,NA,NA,0.030969395,0.104262532,0.091928004,0.153606536,4057.275101
resamp442,0.5,0.337831563,-0.315049942,35.6998366,26.33097689,2.529402833,1,0.008180291,-0.3523779,NA,NA,0.031222092,0.105135921,0.089983818,0.154461098,4079.84702
resamp443,0.5,0.321197856,-0.328075718,36.38789698,27.14442072,2.531303732,1,0.008705515,-0.337385491,NA,NA,0.030162644,0.102358414,0.089290263,0.152248041,4021.392607
resamp444,0.5,0.321402662,-0.314389962,37.4176965,26.1714633,2.678325146,1,0.008116309,-0.364815378,NA,NA,0.031771861,0.105563523,0.084277095,0.166070183,4386.482756
resamp445,0.5,0.314431558,-0.329790422,38.80039064,26.99090056,2.6323855,1,0.008279251,-0.343583223,NA,NA,0.029825272,0.105019478,0.085577101,0.155576498,4109.308548
resamp446,0.5,0.343580079,-0.333276545,37.08180897,27.73424429,2.708589079,1,0.008245451,-0.361100733,NA,NA,0.030880956,0.104625644,0.083899941,0.157661936,4164.392128
resamp447,0.5,0.33987541,-0.319253842,38.37432489,26.99078365,2.596391994,1,0.008671783,-0.363524639,NA,NA,0.032639425,0.102967485,0.086781967,0.161197852,4257.787795
resamp448,0.5,0.323152087,-0.334824336,36.41480051,28.2944981,2.549582085,1,0.008492885,-0.34568823,NA,NA,0.031289198,0.108447762,0.08407624,0.156653328,4137.751321
resamp449,0.5,0.318298432,-0.331852175,38.68776582,28.85116436,2.559717888,1,0.008033847,-0.354877497,NA,NA,0.029939768,0.100500855,0.085670396,0.162124992,4282.276735
resamp450,0.5,0.337764773,-0.331008287,36.52302219,26.70779507,2.62678562,1,0.008094876,-0.343593348,NA,NA,0.030839894,0.099866835,0.087039987,0.154473055,4080.162853
resamp451,0.5,0.326159615,-0.341249586,37.65437656,28.60992586,2.571468635,1,0.007980988,-0.347826255,NA,NA,0.030678449,0.106309668,0.089677483,0.153407016,4052.005117
resamp452,0.5,0.338528672,-0.316846063,35.81127358,26.64847676,2.531044576,1,0.008406744,-0.356190007,NA,NA,0.031243766,0.100019383,0.088320055,0.163432071,4316.801179
resamp453,0.5,0.320604022,-0.33149121,36.57914974,26.9955563,2.73174091,1,0.00799284,-0.37146476,NA,NA,0.030109133,0.099632273,0.086882474,0.165064487,4359.918861
resamp454,0.5,0.34429213,-0.318584006,36.18795303,27.98421463,2.536520993,1,0.008614406,-0.360017566,NA,NA,0.029874694,0.108567915,0.091604379,0.156376554,4130.440789
resamp455,0.5,0.315724186,-0.324569607,36.4510692,28.41149566,2.598777109,1,0.008682591,-0.355741842,NA,NA,0.032522315,0.099481706,0.090847141,0.160105844,4228.944118
resamp456,0.5,0.319094134,-0.319377962,35.71139425,28.1078171,2.545163612,1,0.008451072,-0.370872163,NA,NA,0.029894926,0.103965174,0.088979884,0.164958718,4357.125146
resamp457,0.5,0.321916959,-0.328264731,37.49687805,27.72599109,2.555658661,1,0.008576048,-0.352446425,NA,NA,0.032453871,0.102301459,0.088832365,0.153225234,4047.203613
resamp458,0.5,0.316069028,-0.324839068,35.34124928,27.55240601,2.777052419,1,0.008643371,-0.366229731,NA,NA,0.029999513,0.106740278,0.089990825,0.153991168,4067.434568
resamp459,0.5,0.343392774,-0.311231095,36.46623218,26.24522073,2.576581185,1,0.008296407,-0.362738535,NA,NA,0.03120597,0.108157501,0.087033007,0.164315015,4340.122743
resamp460,0.5,0.342545498,-0.340701161,36.3971737,26.22864738,2.658919457,1,0.008156657,-0.36538679,NA,NA,0.030653851,0.109116458,0.089880473,0.154439165,4079.267705
resamp461,0.5,0.331052645,-0.313953401,37.71219863,27.17143237,2.631377331,1,0.008546261,-0.33811169,NA,NA,0.031661041,0.102522228,0.084061307,0.16622623,4390.604489
resamp462,0.5,0.346417346,-0.330103932,37.63627049,26.70561153,2.703558939,1,0.008361747,-0.340506133,NA,NA,0.032610253,0.107282921,0.08565578,0.161131574,4256.037167
resamp463,0.5,0.342337675,-0.33384657,35.33029477,26.25373755,2.570703322,1,0.008019919,-0.35415494,NA,NA,0.031263923,0.10084835,0.087119034,0.151191212,3993.478135
resamp464,0.5,0.338399691,-0.325131877,36.09800127,28.81177446,2.667348147,1,0.008430654,-0.350945392,NA,NA,0.030777001,0.108448648,0.085166885,0.15478055,4088.284833
resamp465,0.5,0.337725036,-0.333985458,36.00823051,27.93468376,2.670045101,1,0.00832013,-0.351305457,NA,NA,0.030816048,0.103561538,0.087437786,0.161010903,4252.849827
resamp466,0.5,0.335433471,-0.333130011,38.20777751,26.71598393,2.629424734,1,0.008642517,-0.341732558,NA,NA,0.030700408,0.100968209,0.087175876,0.158609137,4189.410942
resamp467,0.5,0.323127578,-0.335141297,36.48076872,26.29191935,2.51752485,1,0.008311104,-0.356458361,NA,NA,0.032063473,0.108244158,0.085795485,0.158060663,4174.923881
resamp468,0.5,0.346164606,-0.310890138,35.21608431,28.04986732,2.603540792,1,0.008595243,-0.366468895,NA,NA,0.030101021,0.103012155,0.084800686,0.154211868,4073.264002
resamp469,0.5,0.317233696,-0.332151215,38.2194761,28.71965769,2.693223335,1,0.008693245,-0.358186187,NA,NA,0.031889763,0.10285471,0.086906502,0.163583655,4320.805011
resamp470,0.5,0.342516496,-0.332781682,37.17989934,27.55575124,2.760999201,1,0.008636805,-0.35342862,NA,NA,0.032418229,0.105204607,0.089566581,0.162506919,4292.364735
resamp471,0.5,0.33471255,-0.330955406,38.12078725,26.27020277,2.520217047,1,0.008160546,-0.337309762,NA,NA,0.03270787,0.104210488,0.091110627,0.151251095,3995.059836
resamp472,0.5,0.339183539,-0.31432314,38.27242762,27.64441672,2.669565847,1,0.008100571,-0.36479912,NA,NA,0.032660581,0.104154002,0.090553567,0.151440061,4000.05107
resamp473,0.5,0.326930309,-0.316344344,37.77237059,26.4794945,2.744923619,1,0.008067128,-0.371819983,NA,NA,0.031703043,0.103671046,0.090591066,0.161969976,4278.182237
resamp474,0.5,0.343398622,-0.319400535,35.38533086,26.14367284,2.716796212,1,0.008634928,-0.363981918,NA,NA,0.030702864,0.101095763,0.088819985,0.152674462,4032.655839
resamp475,0.5,0.31762769,-0.329305915,35.61962668,26.69992765,2.706535492,1,0.007956683,-0.363554001,NA,NA,0.032639785,0.104909855,0.091250095,0.160434369,4237.621588
resamp476,0.5,0.340299227,-0.333075372,38.00534275,27.74100747,2.640504964,1,0.008200348,-0.35313231,NA,NA,0.031110016,0.106944621,0.08875997,0.1567852,4141.234521
resamp477,0.5,0.340676166,-0.315835599,38.61974648,28.80602546,2.765221963,1,0.008470061,-0.367592409,NA,NA,0.030815744,0.104003766,0.088870794,0.162244953,4285.445302
resamp478,0.5,0.340965443,-0.334337627,35.72819202,26.26869691,2.687011579,1,0.008568552,-0.365420339,NA,NA,0.030595581,0.108068341,0.08843895,0.150837993,3984.14839
resamp479,0.5,0.318774579,-0.340148948,38.37136983,26.58166003,2.654820926,1,0.008594282,-0.348569559,NA,NA,0.030865154,0.10338964,0.091251128,0.158590753,4188.925377
resamp480,0.5,0.326942967,-0.32959969,36.84588177,28.20604681,2.762073625,1,0.008731136,-0.352949286,NA,NA,0.031723463,0.10850378,0.083802576,0.154774945,4088.136801
resamp481,0.5,0.337120735,-0.325333774,35.19573684,27.32305664,2.692564134,1,0.008279766,-0.355286146,NA,NA,0.031903199,0.102953814,0.09192575,0.165916958,4382.435546
resamp482,0.5,0.331964303,-0.323434991,38.57381493,28.8152225,2.661006108,1,0.008731729,-0.361142469,NA,NA,0.031630492,0.106249768,0.087783543,0.165482574,4370.961972
resamp483,0.5,0.324204463,-0.339503139,37.88341724,26.73581376,2.686748136,1,0.008588266,-0.366235876,NA,NA,0.031787432,0.106999012,0.092513091,0.157167781,4151.3398
resamp484,0.5,0.334455149,-0.317250735,35.57490855,27.91372438,2.699791708,1,0.008361844,-0.345768798,NA,NA,0.03170302,0.107054792,0.088760488,0.159914026,4223.877532
resamp485,0.5,0.323898645,-0.323716035,35.44502642,27.39077251,2.565868236,1,0.007963754,-0.35243441,NA,NA,0.030160782,0.108604011,0.085515199,0.152494239,4027.895534
resamp486,0.5,0.337142422,-0.317803876,37.62555855,27.30351679,2.583715191,1,0.008401022,-0.371074165,NA,NA,0.031347322,0.109047134,0.092502672,0.166318867,4393.051354
resamp487,0.5,0.345437609,-0.328828519,35.53540027,27.5429175,2.74534461,1,0.008329065,-0.367799521,NA,NA,0.031462591,0.104197533,0.089728653,0.161083556,4254.768847
resamp488,0.5,0.317657049,-0.335403579,35.23228345,27.1653762,2.658473966,1,0.008466313,-0.347542354,NA,NA,0.029945328,0.099949856,0.08906159,0.165939213,4383.023379
resamp489,0.5,0.342013166,-0.331098186,37.4203639,26.84320052,2.698429039,1,0.007953656,-0.370641247,NA,NA,0.032169397,0.106181758,0.090812669,0.165167453,4362.63856
resamp490,0.5,0.317488921,-0.332968543,37.94312681,26.4257957,2.66586893,1,0.008670308,-0.340231894,NA,NA,0.030175793,0.101385229,0.090164801,0.163003516,4305.481553
resamp491,0.5,0.315849625,-0.31740383,37.64355271,26.91033584,2.541741306,1,0.008255031,-0.365382867,NA,NA,0.029825944,0.09952801,0.085380597,0.161219557,4258.361097
resamp492,0.5,0.318747999,-0.339485428,36.91883512,27.89257344,2.730357987,1,0.008138259,-0.351375181,NA,NA,0.031522324,0.105880882,0.091374453,0.159193391,4204.843113
resamp493,0.5,0.345899153,-0.33664029,37.44530867,26.56107467,2.576214166,1,0.008669639,-0.359729654,NA,NA,0.030975295,0.107089568,0.085351726,0.165529361,4372.19778
resamp494,0.5,0.342558654,-0.315682507,35.87179334,27.40590905,2.678065932,1,0.008430046,-0.337761817,NA,NA,0.02973516,0.107130007,0.088755201,0.158213757,4178.967614
resamp495,0.5,0.339883365,-0.326716831,36.92620768,28.63279412,2.750253059,1,0.008049481,-0.339796215,NA,NA,0.031042282,0.099786069,0.090353268,0.153822465,4062.978543
resamp496,0.5,0.329635144,-0.320652634,36.81775529,28.03554396,2.537163518,1,0.008014112,-0.365439744,NA,NA,0.032131854,0.108033486,0.090549844,0.155200105,4099.36672
resamp497,0.5,0.318343215,-0.314275432,35.98090339,27.64134807,2.739375779,1,0.008469,-0.352323844,NA,NA,0.030200539,0.103548686,0.089907428,0.155902207,4117.911658
resamp498,0.5,0.326046324,-0.311691296,36.26220331,28.78177759,2.734473012,1,0.008212268,-0.343054757,NA,NA,0.031429103,0.106156791,0.08555739,0.164082476,4333.980596
resamp499,0.5,0.315538542,-0.316609042,36.47320892,27.0505654,2.64771459,1,0.008346925,-0.340228782,NA,NA,0.029927526,0.106486646,0.086413238,0.151321036,3996.907224
